StartTime,EndTime,Steps,Calories,Distance(meters),ActiveTime(seconds)
2025-12-07 16:38:13,2025-12-07 16:44:14,477,15,338,260
2025-12-07 16:49:30,2025-12-07 16:59:13,190,6,134,103
2025-12-07 17:02:01,2025-12-07 17:14:22,205,6,145,111
2025-12-07 17:18:18,2025-12-07 17:19:53,56,1,39,30
2025-12-07 19:03:15,2025-12-07 19:14:30,101,3,71,55
2025-12-07 19:15:24,2025-12-07 19:28:08,420,13,297,229
2025-12-07 19:30:21,2025-12-07 19:36:12,191,6,135,104
2025-12-07 19:51:56,2025-12-07 19:58:41,599,19,424,326
2025-12-07 20:16:12,2025-12-07 20:21:34,134,4,95,73
2025-12-07 20:44:01,2025-12-07 20:45:00,12,0,8,6
2025-12-07 20:45:00,2025-12-07 21:00:00,1160,38,823,632
2025-12-07 21:00:00,2025-12-07 21:02:55,62,2,43,33
2025-12-07 21:38:26,2025-12-07 21:39:26,8,0,5,4
2025-12-07 22:12:56,2025-12-07 22:15:00,59,1,41,32
2025-12-07 22:15:00,2025-12-07 22:16:43,39,1,27,21
2025-12-07 22:36:43,2025-12-07 22:37:43,14,0,9,7
2025-12-14 07:15:00,2025-12-14 07:30:00,382,12,271,208
2025-12-14 07:30:00,2025-12-14 07:45:00,382,12,271,208
2025-12-14 07:45:00,2025-12-14 08:00:00,382,12,271,208
2025-12-14 08:00:00,2025-12-14 08:15:00,382,12,271,208
2025-12-14 08:15:00,2025-12-14 08:30:00,382,12,271,208
2025-12-14 08:30:00,2025-12-14 08:45:00,382,12,271,208
2025-12-14 08:45:00,2025-12-14 09:00:00,382,12,271,208
2025-12-14 09:00:00,2025-12-14 09:15:00,382,12,271,208
2025-12-14 09:15:00,2025-12-14 09:30:00,382,12,271,208
2025-12-14 09:30:00,2025-12-14 09:45:00,382,12,271,208
2025-12-14 09:45:00,2025-12-14 10:00:00,382,12,271,208
2025-12-14 10:00:00,2025-12-14 10:15:00,382,12,271,208
2025-12-14 10:15:00,2025-12-14 10:30:00,382,12,271,208
2025-12-14 10:30:00,2025-12-14 10:45:00,382,12,271,208
2025-12-14 10:45:00,2025-12-14 11:00:00,382,12,271,208
2025-12-14 11:00:00,2025-12-14 11:15:00,382,12,271,208
2025-12-14 11:15:00,2025-12-14 11:30:00,382,12,271,208
2025-12-14 11:30:00,2025-12-14 11:45:00,382,12,271,208
2025-12-14 11:45:00,2025-12-14 12:00:00,382,12,271,208
2025-12-14 12:00:00,2025-12-14 12:15:00,382,12,271,208
2025-12-14 12:15:00,2025-12-14 12:30:00,382,12,271,208
2025-12-14 12:30:00,2025-12-14 12:45:00,382,12,271,208
2025-12-14 12:45:00,2025-12-14 13:00:00,382,12,271,208
2025-12-14 13:00:00,2025-12-14 13:15:00,382,12,271,208
2025-12-14 13:15:00,2025-12-14 13:30:00,382,12,271,208
2025-12-14 13:30:00,2025-12-14 13:45:00,382,12,271,208
2025-12-14 13:45:00,2025-12-14 14:00:00,382,12,271,208
2025-12-14 14:00:00,2025-12-14 14:15:00,382,12,271,208
2025-12-14 14:15:00,2025-12-14 14:30:00,382,12,271,208
2025-12-14 14:30:00,2025-12-14 14:45:00,382,12,271,208
2025-12-14 14:45:00,2025-12-14 15:00:00,382,12,271,208
2025-12-14 15:00:00,2025-12-14 15:15:00,382,12,271,208
2025-12-14 15:15:00,2025-12-14 15:30:00,382,12,271,208
2025-12-14 15:30:00,2025-12-14 15:45:00,382,12,271,208
2025-12-14 15:45:00,2025-12-14 16:00:00,382,12,271,208
2025-12-14 16:00:00,2025-12-14 16:15:00,382,12,271,208
2025-12-14 16:15:00,2025-12-14 16:30:00,382,12,271,208
2025-12-14 16:30:00,2025-12-14 16:45:00,382,12,271,208
2025-12-14 16:45:00,2025-12-14 17:00:00,382,12,271,208
2025-12-14 17:00:00,2025-12-14 17:15:00,382,12,271,208
2025-12-14 17:15:00,2025-12-14 17:30:00,382,12,271,208
2025-12-14 17:30:00,2025-12-14 17:45:00,382,12,271,208
2025-12-14 17:45:00,2025-12-14 18:00:00,382,12,271,208
2025-12-14 18:00:00,2025-12-14 18:15:00,382,12,271,208
2025-12-14 18:15:00,2025-12-14 18:30:00,382,12,271,208
2025-12-14 18:30:00,2025-12-14 18:45:00,382,12,271,208
2025-12-14 18:45:00,2025-12-14 19:00:00,382,12,271,208
2025-12-14 19:00:00,2025-12-14 19:15:00,382,12,271,208
2025-12-14 19:15:00,2025-12-14 19:30:00,382,12,271,208
2025-12-14 19:30:00,2025-12-14 19:45:00,382,12,271,208
2025-12-14 19:45:00,2025-12-14 20:00:00,382,12,271,208
2025-12-14 20:00:00,2025-12-14 20:15:00,382,12,271,208
2025-12-14 20:15:00,2025-12-14 20:30:00,382,12,271,208
2025-12-14 20:30:00,2025-12-14 20:45:00,382,12,271,208
2025-12-14 20:45:00,2025-12-14 21:00:00,382,12,271,208
2025-12-14 21:00:00,2025-12-14 21:15:00,382,12,271,208
2025-12-14 21:15:00,2025-12-14 21:30:00,382,12,271,208
2025-12-14 21:30:00,2025-12-14 21:45:00,382,12,271,208
2025-12-14 21:45:00,2025-12-14 22:00:00,382,12,271,208
2025-12-14 22:00:00,2025-12-14 22:14:19,729,24,517,397
2025-12-07 22:30:00,2025-12-07 22:37:43,14,0,9,7
2025-12-13 00:00:00,2025-12-13 00:15:00,15,0,10,8
2025-12-13 00:15:00,2025-12-13 00:30:00,15,0,10,8
2025-12-13 00:30:00,2025-12-13 00:45:00,15,0,10,8
2025-12-13 00:45:00,2025-12-13 01:00:00,15,0,10,8
2025-12-13 01:00:00,2025-12-13 01:15:00,15,0,10,8
2025-12-13 01:15:00,2025-12-13 01:30:00,15,0,10,8
2025-12-13 01:30:00,2025-12-13 01:45:00,15,0,10,8
2025-12-13 01:45:00,2025-12-13 02:00:00,15,0,10,8
2025-12-13 02:00:00,2025-12-13 02:15:00,15,0,10,8
2025-12-13 02:15:00,2025-12-13 02:30:00,15,0,10,8
2025-12-13 02:30:00,2025-12-13 02:45:00,15,0,10,8
2025-12-13 02:45:00,2025-12-13 03:00:00,15,0,10,8
2025-12-13 03:00:00,2025-12-13 03:15:00,15,0,10,8
2025-12-13 03:15:00,2025-12-13 03:30:00,15,0,10,8
2025-12-13 03:30:00,2025-12-13 03:45:00,15,0,10,8
2025-12-13 03:45:00,2025-12-13 04:00:00,15,0,10,8
2025-12-13 04:00:00,2025-12-13 04:15:00,15,0,10,8
2025-12-13 04:15:00,2025-12-13 04:30:00,15,0,10,8
2025-12-13 04:30:00,2025-12-13 04:45:00,15,0,10,8
2025-12-13 04:45:00,2025-12-13 05:00:00,15,0,10,8
2025-12-13 05:00:00,2025-12-13 05:15:00,15,0,10,8
2025-12-13 05:15:00,2025-12-13 05:30:00,15,0,10,8
2025-12-13 05:30:00,2025-12-13 05:45:00,15,0,10,8
2025-12-13 05:45:00,2025-12-13 06:00:00,15,0,10,8
2025-12-13 06:00:00,2025-12-13 06:15:00,15,0,10,8
2025-12-13 06:15:00,2025-12-13 06:30:00,15,0,10,8
2025-12-13 06:30:00,2025-12-13 06:45:00,15,0,10,8
2025-12-13 06:45:00,2025-12-13 07:00:00,15,0,10,8
2025-12-13 07:00:00,2025-12-13 07:15:00,15,0,10,8
2025-12-13 07:15:00,2025-12-13 07:30:00,15,0,10,8
2025-12-13 07:30:00,2025-12-13 07:45:00,15,0,10,8
2025-12-13 07:45:00,2025-12-13 08:00:00,15,0,10,8
2025-12-13 08:00:00,2025-12-13 08:15:00,15,0,10,8
2025-12-13 08:15:00,2025-12-13 08:30:00,15,0,10,8
2025-12-13 08:30:00,2025-12-13 08:45:00,15,0,10,8
2025-12-13 08:45:00,2025-12-13 09:00:00,15,0,10,8
2025-12-13 09:00:00,2025-12-13 09:15:00,15,0,10,8
2025-12-13 09:15:00,2025-12-13 09:30:00,15,0,10,8
2025-12-13 09:30:00,2025-12-13 09:45:00,15,0,10,8
2025-12-13 09:45:00,2025-12-13 10:00:00,15,0,10,8
2025-12-13 10:00:00,2025-12-13 10:15:00,15,0,10,8
2025-12-13 10:15:00,2025-12-13 10:30:00,15,0,10,8
2025-12-13 10:30:00,2025-12-13 10:45:00,15,0,10,8
2025-12-13 10:45:00,2025-12-13 11:00:00,15,0,10,8
2025-12-13 11:00:00,2025-12-13 11:15:00,15,0,10,8
2025-12-13 11:15:00,2025-12-13 11:30:00,15,0,10,8
2025-12-13 11:30:00,2025-12-13 11:45:00,15,0,10,8
2025-12-13 11:45:00,2025-12-13 12:00:00,15,0,10,8
2025-12-13 12:00:00,2025-12-13 12:15:00,15,0,10,8
2025-12-13 12:15:00,2025-12-13 12:30:00,15,0,10,8
2025-12-13 12:30:00,2025-12-13 12:45:00,15,0,10,8
2025-12-13 12:45:00,2025-12-13 13:00:00,15,0,10,8
2025-12-13 13:00:00,2025-12-13 13:15:00,15,0,10,8
2025-12-13 13:15:00,2025-12-13 13:30:00,15,0,10,8
2025-12-13 13:30:00,2025-12-13 13:45:00,15,0,10,8
2025-12-13 13:45:00,2025-12-13 14:00:00,15,0,10,8
2025-12-13 14:00:00,2025-12-13 14:15:00,15,0,10,8
2025-12-13 14:15:00,2025-12-13 14:30:00,15,0,10,8
2025-12-13 14:30:00,2025-12-13 14:45:00,15,0,10,8
2025-12-13 14:45:00,2025-12-13 15:00:00,15,0,10,8
2025-12-13 15:00:00,2025-12-13 15:15:00,15,0,10,8
2025-12-13 15:15:00,2025-12-13 15:30:00,15,0,10,8
2025-12-13 15:30:00,2025-12-13 15:45:00,15,0,10,8
2025-12-13 15:45:00,2025-12-13 16:00:00,15,0,10,8
2025-12-13 16:00:00,2025-12-13 16:15:00,15,0,10,8
2025-12-13 16:15:00,2025-12-13 16:30:00,15,0,10,8
2025-12-13 16:30:00,2025-12-13 16:45:00,15,0,10,8
2025-12-13 16:45:00,2025-12-13 17:00:00,15,0,10,8
2025-12-13 17:00:00,2025-12-13 17:15:00,15,0,10,8
2025-12-13 17:15:00,2025-12-13 17:30:00,15,0,10,8
2025-12-13 17:30:00,2025-12-13 17:45:00,15,0,10,8
2025-12-13 17:45:00,2025-12-13 18:00:00,15,0,10,8
2025-12-13 18:00:00,2025-12-13 18:15:00,15,0,10,8
2025-12-13 18:15:00,2025-12-13 18:30:00,15,0,10,8
2025-12-13 18:30:00,2025-12-13 18:45:00,15,0,10,8
2025-12-13 18:45:00,2025-12-13 19:00:00,15,0,10,8
2025-12-13 19:00:00,2025-12-13 19:15:00,15,0,10,8
2025-12-13 19:15:00,2025-12-13 19:30:00,15,0,10,8
2025-12-13 19:30:00,2025-12-13 19:45:00,15,0,10,8
2025-12-13 19:45:00,2025-12-13 20:00:00,15,0,10,8
2025-12-13 20:00:00,2025-12-13 20:15:00,15,0,10,8
2025-12-13 20:15:00,2025-12-13 20:30:00,15,0,10,8
2025-12-13 20:30:00,2025-12-13 20:45:00,15,0,10,8
2025-12-13 20:45:00,2025-12-13 21:00:00,15,0,10,8
2025-12-13 21:00:00,2025-12-13 21:08:59,30,0,6,31
2025-12-11 08:30:00,2025-12-11 08:45:00,70,2,50,38
2025-12-11 08:45:00,2025-12-11 09:00:00,168,5,119,92
2025-12-11 09:00:00,2025-12-11 09:15:00,168,5,119,92
2025-12-11 09:15:00,2025-12-11 09:30:00,168,5,119,92
2025-12-11 09:30:00,2025-12-11 09:45:00,168,5,119,92
2025-12-11 09:45:00,2025-12-11 10:00:00,168,5,119,92
2025-12-11 10:00:00,2025-12-11 10:15:00,168,5,119,92
2025-12-11 10:15:00,2025-12-11 10:30:00,168,5,119,92
2025-12-11 10:30:00,2025-12-11 10:45:00,168,5,119,92
2025-12-11 10:45:00,2025-12-11 11:00:00,168,5,119,92
2025-12-11 11:00:00,2025-12-11 11:15:00,168,5,119,92
2025-12-11 11:15:00,2025-12-11 11:30:00,168,5,119,92
2025-12-11 11:30:00,2025-12-11 11:45:00,168,5,119,92
2025-12-11 11:45:00,2025-12-11 12:00:00,168,5,119,92
2025-12-11 12:00:00,2025-12-11 12:15:00,168,5,119,92
2025-12-11 12:15:00,2025-12-11 12:30:00,168,5,119,92
2025-12-11 12:30:00,2025-12-11 12:45:00,168,5,119,92
2025-12-11 12:45:00,2025-12-11 13:00:00,168,5,119,92
2025-12-11 13:00:00,2025-12-11 13:15:00,168,5,119,92
2025-12-11 13:15:00,2025-12-11 13:30:00,168,5,119,92
2025-12-11 13:30:00,2025-12-11 13:45:00,168,5,119,92
2025-12-11 13:45:00,2025-12-11 14:00:00,168,5,119,92
2025-12-11 14:00:00,2025-12-11 14:15:00,168,5,119,92
2025-12-11 14:15:00,2025-12-11 14:30:00,168,5,119,92
2025-12-11 14:30:00,2025-12-11 14:45:00,168,5,119,92
2025-12-11 14:45:00,2025-12-11 15:00:00,168,5,119,92
2025-12-11 15:00:00,2025-12-11 15:15:00,168,5,119,92
2025-12-11 15:15:00,2025-12-11 15:30:00,168,5,119,92
2025-12-11 15:30:00,2025-12-11 15:45:00,168,5,119,92
2025-12-11 15:45:00,2025-12-11 16:00:00,168,5,119,92
2025-12-11 16:00:00,2025-12-11 16:15:00,168,5,119,92
2025-12-11 16:15:00,2025-12-11 16:30:00,168,5,119,92
2025-12-11 16:30:00,2025-12-11 16:45:00,168,5,119,92
2025-12-11 16:45:00,2025-12-11 17:00:00,168,5,119,92
2025-12-11 17:00:00,2025-12-11 17:15:00,168,5,119,92
2025-12-11 17:15:00,2025-12-11 17:30:00,168,5,119,92
2025-12-11 17:30:00,2025-12-11 17:45:00,168,5,119,92
2025-12-11 17:45:00,2025-12-11 18:00:00,168,5,119,92
2025-12-11 18:00:00,2025-12-11 18:15:00,168,5,119,92
2025-12-11 18:15:00,2025-12-11 18:30:00,168,5,119,92
2025-12-11 18:30:00,2025-12-11 18:45:00,168,5,119,92
2025-12-11 18:45:00,2025-12-11 19:00:00,168,5,119,92
2025-12-11 19:00:00,2025-12-11 19:15:00,168,5,119,92
2025-12-11 19:15:00,2025-12-11 19:30:00,168,5,119,92
2025-12-11 19:30:00,2025-12-11 19:45:00,168,5,119,92
2025-12-11 19:45:00,2025-12-11 20:00:00,168,5,119,92
2025-12-11 20:00:00,2025-12-11 20:15:00,168,5,119,92
2025-12-11 20:15:00,2025-12-11 20:30:00,168,5,119,92
2025-12-11 20:30:00,2025-12-11 20:45:00,168,5,119,92
2025-12-11 20:45:00,2025-12-11 21:00:00,168,5,119,92
2025-12-11 21:00:00,2025-12-11 21:15:00,168,5,119,92
2025-12-11 21:15:00,2025-12-11 21:30:00,168,5,119,92
2025-12-11 21:30:00,2025-12-11 21:45:00,168,5,119,92
2025-12-11 21:45:00,2025-12-11 22:00:00,168,5,119,92
2025-12-11 22:00:00,2025-12-11 22:15:00,168,5,119,92
2025-12-11 22:15:00,2025-12-11 22:30:00,168,5,119,92
2025-12-11 22:30:00,2025-12-11 22:45:00,168,5,119,92
2025-12-11 22:45:00,2025-12-11 22:59:16,207,5,113,92
2025-12-12 08:15:00,2025-12-12 08:30:00,94,3,67,51
2025-12-12 08:30:00,2025-12-12 08:45:00,263,8,186,143
2025-12-12 08:45:00,2025-12-12 09:00:00,263,8,186,143
2025-12-12 09:00:00,2025-12-12 09:15:00,263,8,186,143
2025-12-12 09:15:00,2025-12-12 09:30:00,263,8,186,143
2025-12-12 09:30:00,2025-12-12 09:45:00,263,8,186,143
2025-12-12 09:45:00,2025-12-12 10:00:00,263,8,186,143
2025-12-12 10:00:00,2025-12-12 10:15:00,263,8,186,143
2025-12-12 10:15:00,2025-12-12 10:30:00,263,8,186,143
2025-12-12 10:30:00,2025-12-12 10:45:00,263,8,186,143
2025-12-12 10:45:00,2025-12-12 11:00:00,263,8,186,143
2025-12-12 11:00:00,2025-12-12 11:15:00,263,8,186,143
2025-12-12 11:15:00,2025-12-12 11:30:00,263,8,186,143
2025-12-12 11:30:00,2025-12-12 11:45:00,263,8,186,143
2025-12-12 11:45:00,2025-12-12 12:00:00,263,8,186,143
2025-12-12 12:00:00,2025-12-12 12:15:00,263,8,186,143
2025-12-12 12:15:00,2025-12-12 12:30:00,263,8,186,143
2025-12-12 12:30:00,2025-12-12 12:45:00,263,8,186,143
2025-12-12 12:45:00,2025-12-12 13:00:00,263,8,186,143
2025-12-12 13:00:00,2025-12-12 13:15:00,263,8,186,143
2025-12-12 13:15:00,2025-12-12 13:30:00,263,8,186,143
2025-12-12 13:30:00,2025-12-12 13:45:00,263,8,186,143
2025-12-12 13:45:00,2025-12-12 14:00:00,263,8,186,143
2025-12-12 14:00:00,2025-12-12 14:15:00,263,8,186,143
2025-12-12 14:15:00,2025-12-12 14:30:00,263,8,186,143
2025-12-12 14:30:00,2025-12-12 14:45:00,263,8,186,143
2025-12-12 14:45:00,2025-12-12 15:00:00,263,8,186,143
2025-12-12 15:00:00,2025-12-12 15:15:00,263,8,186,143
2025-12-12 15:15:00,2025-12-12 15:30:00,263,8,186,143
2025-12-12 15:30:00,2025-12-12 15:45:00,263,8,186,143
2025-12-12 15:45:00,2025-12-12 16:00:00,263,8,186,143
2025-12-12 16:00:00,2025-12-12 16:15:00,263,8,186,143
2025-12-12 16:15:00,2025-12-12 16:30:00,263,8,186,143
2025-12-12 16:30:00,2025-12-12 16:45:00,263,8,186,143
2025-12-12 16:45:00,2025-12-12 17:00:00,263,8,186,143
2025-12-12 17:00:00,2025-12-12 17:15:00,263,8,186,143
2025-12-12 17:15:00,2025-12-12 17:30:00,263,8,186,143
2025-12-12 17:30:00,2025-12-12 17:45:00,263,8,186,143
2025-12-12 17:45:00,2025-12-12 18:00:00,263,8,186,143
2025-12-12 18:00:00,2025-12-12 18:15:00,263,8,186,143
2025-12-12 18:15:00,2025-12-12 18:30:00,263,8,186,143
2025-12-12 18:30:00,2025-12-12 18:45:00,263,8,186,143
2025-12-12 18:45:00,2025-12-12 19:00:00,263,8,186,143
2025-12-12 19:00:00,2025-12-12 19:15:00,263,8,186,143
2025-12-12 19:15:00,2025-12-12 19:30:00,263,8,186,143
2025-12-12 19:30:00,2025-12-12 19:45:00,263,8,186,143
2025-12-12 19:45:00,2025-12-12 20:00:00,263,8,186,143
2025-12-12 20:00:00,2025-12-12 20:15:00,263,8,186,143
2025-12-12 20:15:00,2025-12-12 20:30:00,263,8,186,143
2025-12-12 20:30:00,2025-12-12 20:45:00,263,8,186,143
2025-12-12 20:45:00,2025-12-12 21:00:00,263,8,186,143
2025-12-12 21:00:00,2025-12-12 21:15:00,263,8,186,143
2025-12-12 21:15:00,2025-12-12 21:30:00,263,8,186,143
2025-12-12 21:30:00,2025-12-12 21:45:00,263,8,186,143
2025-12-12 21:45:00,2025-12-12 22:00:00,263,8,186,143
2025-12-12 22:00:00,2025-12-12 22:15:00,263,8,186,143
2025-12-12 22:15:00,2025-12-12 22:30:00,263,8,186,143
2025-12-12 22:30:00,2025-12-12 22:45:00,263,8,186,143
2025-12-12 22:45:00,2025-12-12 23:00:00,263,8,186,143
2025-12-12 23:00:00,2025-12-12 23:12:54,246,7,160,160
2025-12-08 00:30:00,2025-12-08 00:45:00,31,1,22,17
2025-12-08 00:45:00,2025-12-08 01:00:00,74,2,52,40
2025-12-08 01:00:00,2025-12-08 01:15:00,74,2,52,40
2025-12-08 01:15:00,2025-12-08 01:30:00,74,2,52,40
2025-12-08 01:30:00,2025-12-08 01:45:00,74,2,52,40
2025-12-08 01:45:00,2025-12-08 02:00:00,74,2,52,40
2025-12-08 02:00:00,2025-12-08 02:15:00,74,2,52,40
2025-12-08 02:15:00,2025-12-08 02:30:00,74,2,52,40
2025-12-08 02:30:00,2025-12-08 02:45:00,74,2,52,40
2025-12-08 02:45:00,2025-12-08 03:00:00,74,2,52,40
2025-12-08 03:00:00,2025-12-08 03:15:00,74,2,52,40
2025-12-08 03:15:00,2025-12-08 03:30:00,74,2,52,40
2025-12-08 03:30:00,2025-12-08 03:45:00,74,2,52,40
2025-12-08 03:45:00,2025-12-08 04:00:00,74,2,52,40
2025-12-08 04:00:00,2025-12-08 04:15:00,74,2,52,40
2025-12-08 04:15:00,2025-12-08 04:30:00,74,2,52,40
2025-12-08 04:30:00,2025-12-08 04:45:00,74,2,52,40
2025-12-08 04:45:00,2025-12-08 05:00:00,74,2,52,40
2025-12-08 05:00:00,2025-12-08 05:15:00,74,2,52,40
2025-12-08 05:15:00,2025-12-08 05:30:00,74,2,52,40
2025-12-08 05:30:00,2025-12-08 05:45:00,74,2,52,40
2025-12-08 05:45:00,2025-12-08 06:00:00,74,2,52,40
2025-12-08 06:00:00,2025-12-08 06:15:00,74,2,52,40
2025-12-08 06:15:00,2025-12-08 06:30:00,74,2,52,40
2025-12-08 06:30:00,2025-12-08 06:45:00,74,2,52,40
2025-12-08 06:45:00,2025-12-08 07:00:00,74,2,52,40
2025-12-08 07:00:00,2025-12-08 07:15:00,74,2,52,40
2025-12-08 07:15:00,2025-12-08 07:30:00,74,2,52,40
2025-12-08 07:30:00,2025-12-08 07:45:00,74,2,52,40
2025-12-08 07:45:00,2025-12-08 08:00:00,74,2,52,40
2025-12-08 08:00:00,2025-12-08 08:15:00,74,2,52,40
2025-12-08 08:15:00,2025-12-08 08:30:00,74,2,52,40
2025-12-08 08:30:00,2025-12-08 08:45:00,74,2,52,40
2025-12-08 08:45:00,2025-12-08 09:00:00,74,2,52,40
2025-12-08 09:00:00,2025-12-08 09:15:00,74,2,52,40
2025-12-08 09:15:00,2025-12-08 09:30:00,74,2,52,40
2025-12-08 09:30:00,2025-12-08 09:45:00,74,2,52,40
2025-12-08 09:45:00,2025-12-08 10:00:00,74,2,52,40
2025-12-08 10:00:00,2025-12-08 10:15:00,74,2,52,40
2025-12-08 10:15:00,2025-12-08 10:30:00,74,2,52,40
2025-12-08 10:30:00,2025-12-08 10:45:00,74,2,52,40
2025-12-08 10:45:00,2025-12-08 11:00:00,74,2,52,40
2025-12-08 11:00:00,2025-12-08 11:15:00,74,2,52,40
2025-12-08 11:15:00,2025-12-08 11:30:00,74,2,52,40
2025-12-08 11:30:00,2025-12-08 11:45:00,74,2,52,40
2025-12-08 11:45:00,2025-12-08 12:00:00,74,2,52,40
2025-12-08 12:00:00,2025-12-08 12:15:00,74,2,52,40
2025-12-08 12:15:00,2025-12-08 12:30:00,74,2,52,40
2025-12-08 12:30:00,2025-12-08 12:45:00,74,2,52,40
2025-12-08 12:45:00,2025-12-08 13:00:00,74,2,52,40
2025-12-08 13:00:00,2025-12-08 13:15:00,74,2,52,40
2025-12-08 13:15:00,2025-12-08 13:30:00,74,2,52,40
2025-12-08 13:30:00,2025-12-08 13:45:00,74,2,52,40
2025-12-08 13:45:00,2025-12-08 14:00:00,74,2,52,40
2025-12-08 14:00:00,2025-12-08 14:15:00,74,2,52,40
2025-12-08 14:15:00,2025-12-08 14:30:00,74,2,52,40
2025-12-08 14:30:00,2025-12-08 14:45:00,74,2,52,40
2025-12-08 14:45:00,2025-12-08 15:00:00,74,2,52,40
2025-12-08 15:00:00,2025-12-08 15:15:00,74,2,52,40
2025-12-08 15:15:00,2025-12-08 15:30:00,74,2,52,40
2025-12-08 15:30:00,2025-12-08 15:45:00,74,2,52,40
2025-12-08 15:45:00,2025-12-08 16:00:00,74,2,52,40
2025-12-08 16:00:00,2025-12-08 16:15:00,74,2,52,40
2025-12-08 16:15:00,2025-12-08 16:30:00,74,2,52,40
2025-12-08 16:30:00,2025-12-08 16:45:00,74,2,52,40
2025-12-08 16:45:00,2025-12-08 17:00:00,74,2,52,40
2025-12-08 17:00:00,2025-12-08 17:15:00,74,2,52,40
2025-12-08 17:15:00,2025-12-08 17:30:00,74,2,52,40
2025-12-08 17:30:00,2025-12-08 17:45:00,74,2,52,40
2025-12-08 17:45:00,2025-12-08 18:00:00,74,2,52,40
2025-12-08 18:00:00,2025-12-08 18:15:00,74,2,52,40
2025-12-08 18:15:00,2025-12-08 18:30:00,74,2,52,40
2025-12-08 18:30:00,2025-12-08 18:45:00,74,2,52,40
2025-12-08 18:45:00,2025-12-08 19:00:00,74,2,52,40
2025-12-08 19:00:00,2025-12-08 19:15:00,74,2,52,40
2025-12-08 19:15:00,2025-12-08 19:30:00,74,2,52,40
2025-12-08 19:30:00,2025-12-08 19:45:00,74,2,52,40
2025-12-08 19:45:00,2025-12-08 20:00:00,74,2,52,40
2025-12-08 20:00:00,2025-12-08 20:15:00,74,2,52,40
2025-12-08 20:15:00,2025-12-08 20:30:00,74,2,52,40
2025-12-08 20:30:00,2025-12-08 20:45:00,74,2,52,40
2025-12-08 20:45:00,2025-12-08 20:50:37,44,0,19,53
2025-12-10 09:30:00,2025-12-10 09:45:00,62,2,44,34
2025-12-10 09:45:00,2025-12-10 10:00:00,195,6,138,106
2025-12-10 10:00:00,2025-12-10 10:15:00,195,6,138,106
2025-12-10 10:15:00,2025-12-10 10:30:00,195,6,138,106
2025-12-10 10:30:00,2025-12-10 10:45:00,195,6,138,106
2025-12-10 10:45:00,2025-12-10 11:00:00,195,6,138,106
2025-12-10 11:00:00,2025-12-10 11:15:00,195,6,138,106
2025-12-10 11:15:00,2025-12-10 11:30:00,195,6,138,106
2025-12-10 11:30:00,2025-12-10 11:45:00,195,6,138,106
2025-12-10 11:45:00,2025-12-10 12:00:00,195,6,138,106
2025-12-10 12:00:00,2025-12-10 12:15:00,195,6,138,106
2025-12-10 12:15:00,2025-12-10 12:30:00,195,6,138,106
2025-12-10 12:30:00,2025-12-10 12:45:00,195,6,138,106
2025-12-10 12:45:00,2025-12-10 13:00:00,195,6,138,106
2025-12-10 13:00:00,2025-12-10 13:15:00,195,6,138,106
2025-12-10 13:15:00,2025-12-10 13:30:00,195,6,138,106
2025-12-10 13:30:00,2025-12-10 13:45:00,195,6,138,106
2025-12-10 13:45:00,2025-12-10 14:00:00,195,6,138,106
2025-12-10 14:00:00,2025-12-10 14:15:00,195,6,138,106
2025-12-10 14:15:00,2025-12-10 14:30:00,195,6,138,106
2025-12-10 14:30:00,2025-12-10 14:45:00,195,6,138,106
2025-12-10 14:45:00,2025-12-10 15:00:00,195,6,138,106
2025-12-10 15:00:00,2025-12-10 15:15:00,195,6,138,106
2025-12-10 15:15:00,2025-12-10 15:30:00,195,6,138,106
2025-12-10 15:30:00,2025-12-10 15:45:00,195,6,138,106
2025-12-10 15:45:00,2025-12-10 16:00:00,195,6,138,106
2025-12-10 16:00:00,2025-12-10 16:15:00,195,6,138,106
2025-12-10 16:15:00,2025-12-10 16:30:00,195,6,138,106
2025-12-10 16:30:00,2025-12-10 16:45:00,195,6,138,106
2025-12-10 16:45:00,2025-12-10 17:00:00,195,6,138,106
2025-12-10 17:00:00,2025-12-10 17:15:00,195,6,138,106
2025-12-10 17:15:00,2025-12-10 17:30:00,195,6,138,106
2025-12-10 17:30:00,2025-12-10 17:45:00,195,6,138,106
2025-12-10 17:45:00,2025-12-10 18:00:00,195,6,138,106
2025-12-10 18:00:00,2025-12-10 18:15:00,195,6,138,106
2025-12-10 18:15:00,2025-12-10 18:30:00,195,6,138,106
2025-12-10 18:30:00,2025-12-10 18:45:00,195,6,138,106
2025-12-10 18:45:00,2025-12-10 19:00:00,195,6,138,106
2025-12-10 19:00:00,2025-12-10 19:15:00,195,6,138,106
2025-12-10 19:15:00,2025-12-10 19:30:00,195,6,138,106
2025-12-10 19:30:00,2025-12-10 19:45:00,195,6,138,106
2025-12-10 19:45:00,2025-12-10 20:00:00,195,6,138,106
2025-12-10 20:00:00,2025-12-10 20:15:00,195,6,138,106
2025-12-10 20:15:00,2025-12-10 20:30:00,195,6,138,106
2025-12-10 20:30:00,2025-12-10 20:45:00,195,6,138,106
2025-12-10 20:45:00,2025-12-10 21:00:00,195,6,138,106
2025-12-10 21:00:00,2025-12-10 21:15:00,195,6,138,106
2025-12-10 21:15:00,2025-12-10 21:30:00,195,6,138,106
2025-12-10 21:30:00,2025-12-10 21:45:00,195,6,138,106
2025-12-10 21:45:00,2025-12-10 22:00:00,195,6,138,106
2025-12-10 22:00:00,2025-12-10 22:15:00,195,6,138,106
2025-12-10 22:15:00,2025-12-10 22:30:00,195,6,138,106
2025-12-10 22:30:00,2025-12-10 22:45:00,195,6,138,106
2025-12-10 22:45:00,2025-12-10 23:00:00,195,6,138,106
2025-12-10 23:00:00,2025-12-10 23:15:00,195,6,138,106
2025-12-10 23:15:00,2025-12-10 23:22:33,126,3,69,88
2025-12-09 10:30:00,2025-12-09 10:45:00,132,4,94,72
2025-12-09 10:45:00,2025-12-09 11:00:00,183,6,130,100
2025-12-09 11:00:00,2025-12-09 11:15:00,183,6,130,100
2025-12-09 11:15:00,2025-12-09 11:30:00,183,6,130,100
2025-12-09 11:30:00,2025-12-09 11:45:00,183,6,130,100
2025-12-09 11:45:00,2025-12-09 12:00:00,183,6,130,100
2025-12-09 12:00:00,2025-12-09 12:15:00,183,6,130,100
2025-12-09 12:15:00,2025-12-09 12:30:00,183,6,130,100
2025-12-09 12:30:00,2025-12-09 12:45:00,183,6,130,100
2025-12-09 12:45:00,2025-12-09 13:00:00,183,6,130,100
2025-12-09 13:00:00,2025-12-09 13:15:00,183,6,130,100
2025-12-09 13:15:00,2025-12-09 13:30:00,183,6,130,100
2025-12-09 13:30:00,2025-12-09 13:45:00,183,6,130,100
2025-12-09 13:45:00,2025-12-09 14:00:00,183,6,130,100
2025-12-09 14:00:00,2025-12-09 14:15:00,183,6,130,100
2025-12-09 14:15:00,2025-12-09 14:30:00,183,6,130,100
2025-12-09 14:30:00,2025-12-09 14:45:00,183,6,130,100
2025-12-09 14:45:00,2025-12-09 15:00:00,183,6,130,100
2025-12-09 15:00:00,2025-12-09 15:15:00,183,6,130,100
2025-12-09 15:15:00,2025-12-09 15:30:00,183,6,130,100
2025-12-09 15:30:00,2025-12-09 15:45:00,183,6,130,100
2025-12-09 15:45:00,2025-12-09 16:00:00,183,6,130,100
2025-12-09 16:00:00,2025-12-09 16:15:00,183,6,130,100
2025-12-09 16:15:00,2025-12-09 16:30:00,183,6,130,100
2025-12-09 16:30:00,2025-12-09 16:45:00,183,6,130,100
2025-12-09 16:45:00,2025-12-09 17:00:00,183,6,130,100
2025-12-09 17:00:00,2025-12-09 17:15:00,183,6,130,100
2025-12-09 17:15:00,2025-12-09 17:30:00,183,6,130,100
2025-12-09 17:30:00,2025-12-09 17:45:00,183,6,130,100
2025-12-09 17:45:00,2025-12-09 18:00:00,183,6,130,100
2025-12-09 18:00:00,2025-12-09 18:15:00,183,6,130,100
2025-12-09 18:15:00,2025-12-09 18:30:00,183,6,130,100
2025-12-09 18:30:00,2025-12-09 18:45:00,183,6,130,100
2025-12-09 18:45:00,2025-12-09 19:00:00,183,6,130,100
2025-12-09 19:00:00,2025-12-09 19:15:00,183,6,130,100
2025-12-09 19:15:00,2025-12-09 19:30:00,183,6,130,100
2025-12-09 19:30:00,2025-12-09 19:45:00,183,6,130,100
2025-12-09 19:45:00,2025-12-09 20:00:00,183,6,130,100
2025-12-09 20:00:00,2025-12-09 20:15:00,183,6,130,100
2025-12-09 20:15:00,2025-12-09 20:23:25,129,3,73,63
2025-12-14 22:29:39,2025-12-14 22:30:00,5,0,3,2
2025-12-14 22:30:00,2025-12-14 22:38:01,99,3,70,54
2025-12-15 00:09:02,2025-12-15 00:15:00,5,0,3,2
2025-12-15 00:15:00,2025-12-15 00:30:00,13,0,9,7
2025-12-15 00:30:00,2025-12-15 00:45:00,13,0,9,7
2025-12-15 00:45:00,2025-12-15 01:00:00,13,0,9,7
2025-12-15 01:00:00,2025-12-15 01:15:00,13,0,9,7
2025-12-15 01:15:00,2025-12-15 01:30:00,13,0,9,7
2025-12-15 01:30:00,2025-12-15 01:45:00,13,0,9,7
2025-12-15 01:45:00,2025-12-15 02:00:00,13,0,9,7
2025-12-15 02:00:00,2025-12-15 02:15:00,13,0,9,7
2025-12-15 02:15:00,2025-12-15 02:30:00,13,0,9,7
2025-12-15 02:30:00,2025-12-15 02:45:00,13,0,9,7
2025-12-15 02:45:00,2025-12-15 03:00:00,13,0,9,7
2025-12-15 03:00:00,2025-12-15 03:15:00,13,0,9,7
2025-12-15 03:15:00,2025-12-15 03:30:00,13,0,9,7
2025-12-15 03:30:00,2025-12-15 03:45:00,13,0,9,7
2025-12-15 03:45:00,2025-12-15 04:00:00,13,0,9,7
2025-12-15 04:00:00,2025-12-15 04:15:00,13,0,9,7
2025-12-15 04:15:00,2025-12-15 04:30:00,13,0,9,7
2025-12-15 04:30:00,2025-12-15 04:45:00,13,0,9,7
2025-12-15 04:45:00,2025-12-15 05:00:00,13,0,9,7
2025-12-15 05:00:00,2025-12-15 05:15:00,13,0,9,7
2025-12-15 05:15:00,2025-12-15 05:30:00,13,0,9,7
2025-12-15 05:30:00,2025-12-15 05:45:00,13,0,9,7
2025-12-15 05:45:00,2025-12-15 06:00:00,13,0,9,7
2025-12-15 06:00:00,2025-12-15 06:15:00,13,0,9,7
2025-12-15 06:15:00,2025-12-15 06:30:00,13,0,9,7
2025-12-15 06:30:00,2025-12-15 06:45:00,13,0,9,7
2025-12-15 06:45:00,2025-12-15 07:00:00,13,0,9,7
2025-12-15 07:00:00,2025-12-15 07:15:00,13,0,9,7
2025-12-15 07:15:00,2025-12-15 07:30:00,13,0,9,7
2025-12-15 07:30:00,2025-12-15 07:45:00,13,0,9,7
2025-12-15 07:45:00,2025-12-15 08:00:00,13,0,9,7
2025-12-15 08:00:00,2025-12-15 08:15:00,13,0,9,7
2025-12-15 08:15:00,2025-12-15 08:30:00,13,0,9,7
2025-12-15 08:30:00,2025-12-15 08:45:00,13,0,9,7
2025-12-15 08:45:00,2025-12-15 09:00:00,13,0,9,7
2025-12-15 09:00:00,2025-12-15 09:15:00,13,0,9,7
2025-12-15 09:15:00,2025-12-15 09:30:00,13,0,9,7
2025-12-15 09:30:00,2025-12-15 09:45:00,13,0,9,7
2025-12-15 09:45:00,2025-12-15 10:00:00,13,0,9,7
2025-12-15 10:00:00,2025-12-15 10:15:00,13,0,9,7
2025-12-15 10:15:00,2025-12-15 10:30:00,13,0,9,7
2025-12-15 10:30:00,2025-12-15 10:45:00,13,0,9,7
2025-12-15 10:45:00,2025-12-15 11:00:00,13,0,9,7
2025-12-15 11:00:00,2025-12-15 11:15:00,13,0,9,7
2025-12-15 11:15:00,2025-12-15 11:30:00,13,0,9,7
2025-12-15 11:30:00,2025-12-15 11:45:00,13,0,9,7
2025-12-15 11:45:00,2025-12-15 12:00:00,13,0,9,7
2025-12-15 12:00:00,2025-12-15 12:15:00,13,0,9,7
2025-12-15 12:15:00,2025-12-15 12:30:00,13,0,9,7
2025-12-15 12:30:00,2025-12-15 12:45:00,13,0,9,7
2025-12-15 12:45:00,2025-12-15 13:00:00,13,0,9,7
2025-12-15 13:00:00,2025-12-15 13:15:00,13,0,9,7
2025-12-15 13:15:00,2025-12-15 13:30:00,13,0,9,7
2025-12-15 13:30:00,2025-12-15 13:45:00,13,0,9,7
2025-12-15 13:45:00,2025-12-15 14:00:00,13,0,9,7
2025-12-15 14:00:00,2025-12-15 14:15:00,13,0,9,7
2025-12-15 14:15:00,2025-12-15 14:15:31,31,0,21,16
2025-12-15 14:38:03,2025-12-15 14:39:15,32,1,22,17
2025-12-15 15:17:26,2025-12-15 15:30:00,41,1,29,22
2025-12-15 15:30:00,2025-12-15 15:45:00,50,1,35,27
2025-12-15 15:45:00,2025-12-15 16:00:00,50,1,35,27
2025-12-15 16:00:00,2025-12-15 16:15:00,50,1,35,27
2025-12-15 16:15:00,2025-12-15 16:30:00,50,1,35,27
2025-12-15 16:30:00,2025-12-15 16:45:00,50,1,35,27
2025-12-15 16:45:00,2025-12-15 17:00:00,50,1,35,27
2025-12-15 17:00:00,2025-12-15 17:15:00,50,1,35,27
2025-12-15 17:15:00,2025-12-15 17:30:00,50,1,35,27
2025-12-15 17:30:00,2025-12-15 17:45:00,50,1,35,27
2025-12-15 17:45:00,2025-12-15 18:00:00,50,1,35,27
2025-12-15 18:00:00,2025-12-15 18:15:00,50,1,35,27
2025-12-15 18:15:00,2025-12-15 18:30:00,50,1,35,27
2025-12-15 18:30:00,2025-12-15 18:45:00,50,1,35,27
2025-12-15 18:45:00,2025-12-15 19:00:00,50,1,35,27
2025-12-15 19:00:00,2025-12-15 19:15:00,50,1,35,27
2025-12-15 19:15:00,2025-12-15 19:30:00,50,1,35,27
2025-12-15 19:30:00,2025-12-15 19:45:00,50,1,35,27
2025-12-15 19:45:00,2025-12-15 20:00:00,50,1,35,27
2025-12-15 20:00:00,2025-12-15 20:15:00,50,1,35,27
2025-12-15 20:15:00,2025-12-15 20:30:00,50,1,35,27
2025-12-15 20:30:00,2025-12-15 20:45:00,50,1,35,27
2025-12-15 20:45:00,2025-12-15 21:00:00,50,1,35,27
2025-12-15 21:00:00,2025-12-15 21:15:00,50,1,35,27
2025-12-15 21:15:00,2025-12-15 21:30:00,50,1,35,27
2025-12-15 21:30:00,2025-12-15 21:45:00,50,1,35,27
2025-12-15 21:45:00,2025-12-15 22:00:00,50,1,35,27
2025-12-15 22:00:00,2025-12-15 22:01:09,7,0,4,3
2025-12-15 22:47:31,2025-12-15 22:50:10,12,0,8,6
2025-12-15 23:00:26,2025-12-15 23:01:26,8,0,5,4
2025-12-15 23:00:00,2025-12-15 23:01:26,8,0,5,4
2025-12-16 09:00:27,2025-12-16 09:12:21,191,6,135,104
2025-12-16 09:15:26,2025-12-16 09:30:00,429,14,304,234
2025-12-16 09:30:00,2025-12-16 09:45:00,236,7,167,128
2025-12-16 09:45:00,2025-12-16 10:00:00,236,7,167,128
2025-12-16 10:00:00,2025-12-16 10:15:00,236,7,167,128
2025-12-16 10:15:00,2025-12-16 10:30:00,236,7,167,128
2025-12-16 10:30:00,2025-12-16 10:45:00,236,7,167,128
2025-12-16 10:45:00,2025-12-16 11:00:00,236,7,167,128
2025-12-16 11:00:00,2025-12-16 11:15:00,236,7,167,128
2025-12-16 11:15:00,2025-12-16 11:30:00,236,7,167,128
2025-12-16 11:30:00,2025-12-16 11:45:00,236,7,167,128
2025-12-16 11:45:00,2025-12-16 12:00:00,236,7,167,128
2025-12-16 12:00:00,2025-12-16 12:15:00,236,7,167,128
2025-12-16 12:15:00,2025-12-16 12:30:00,236,7,167,128
2025-12-16 12:30:00,2025-12-16 12:45:00,236,7,167,128
2025-12-16 12:45:00,2025-12-16 13:00:00,236,7,167,128
2025-12-16 13:00:00,2025-12-16 13:15:00,236,7,167,128
2025-12-16 13:15:00,2025-12-16 13:30:00,236,7,167,128
2025-12-16 13:30:00,2025-12-16 13:45:00,236,7,167,128
2025-12-16 13:45:00,2025-12-16 14:00:00,236,7,167,128
2025-12-16 14:00:00,2025-12-16 14:15:00,236,7,167,128
2025-12-16 14:15:00,2025-12-16 14:30:00,236,7,167,128
2025-12-16 14:30:00,2025-12-16 14:45:00,236,7,167,128
2025-12-16 14:45:00,2025-12-16 15:00:00,236,7,167,128
2025-12-16 15:00:00,2025-12-16 15:15:00,236,7,167,128
2025-12-16 15:15:00,2025-12-16 15:30:00,236,7,167,128
2025-12-16 15:30:00,2025-12-16 15:45:00,236,7,167,128
2025-12-16 15:45:00,2025-12-16 16:00:00,236,7,167,128
2025-12-16 16:00:00,2025-12-16 16:15:00,236,7,167,128
2025-12-16 16:15:00,2025-12-16 16:30:00,236,7,167,128
2025-12-16 16:30:00,2025-12-16 16:45:00,236,7,167,128
2025-12-16 16:45:00,2025-12-16 17:00:00,236,7,167,128
2025-12-16 17:00:00,2025-12-16 17:15:00,236,7,167,128
2025-12-16 17:15:00,2025-12-16 17:30:00,236,7,167,128
2025-12-16 17:30:00,2025-12-16 17:45:00,236,7,167,128
2025-12-16 17:45:00,2025-12-16 18:00:00,236,7,167,128
2025-12-16 18:00:00,2025-12-16 18:15:00,236,7,167,128
2025-12-16 18:15:00,2025-12-16 18:30:00,236,7,167,128
2025-12-16 18:30:00,2025-12-16 18:45:00,236,7,167,128
2025-12-16 18:45:00,2025-12-16 19:00:00,236,7,167,128
2025-12-16 19:00:00,2025-12-16 19:15:00,236,7,167,128
2025-12-16 19:15:00,2025-12-16 19:30:00,236,7,167,128
2025-12-16 19:30:00,2025-12-16 19:36:06,119,3,84,64
2025-12-16 20:52:51,2025-12-16 20:53:51,6,0,4,3
2025-12-31 01:45:00,2025-12-31 02:00:00,3,0,2,1
2025-12-31 02:00:00,2025-12-31 02:15:00,3,0,2,1
2025-12-31 02:15:00,2025-12-31 02:30:00,3,0,2,1
2025-12-31 02:30:00,2025-12-31 02:45:00,3,0,2,1
2025-12-31 02:45:00,2025-12-31 03:00:00,3,0,2,1
2025-12-31 03:00:00,2025-12-31 03:15:00,3,0,2,1
2025-12-31 03:15:00,2025-12-31 03:30:00,3,0,2,1
2025-12-31 03:30:00,2025-12-31 03:45:00,3,0,2,1
2025-12-31 03:45:00,2025-12-31 04:00:00,3,0,2,1
2025-12-31 04:00:00,2025-12-31 04:15:00,3,0,2,1
2025-12-31 04:15:00,2025-12-31 04:30:00,3,0,2,1
2025-12-31 04:30:00,2025-12-31 04:45:00,3,0,2,1
2025-12-31 04:45:00,2025-12-31 05:00:00,3,0,2,1
2025-12-31 05:00:00,2025-12-31 05:15:00,3,0,2,1
2025-12-31 05:15:00,2025-12-31 05:30:00,3,0,2,1
2025-12-31 05:30:00,2025-12-31 05:45:00,3,0,2,1
2025-12-31 05:45:00,2025-12-31 06:00:00,3,0,2,1
2025-12-31 06:00:00,2025-12-31 06:15:00,3,0,2,1
2025-12-31 06:15:00,2025-12-31 06:30:00,3,0,2,1
2025-12-31 06:30:00,2025-12-31 06:45:00,3,0,2,1
2025-12-31 06:45:00,2025-12-31 07:00:00,3,0,2,1
2025-12-31 07:00:00,2025-12-31 07:15:00,3,0,2,1
2025-12-31 07:15:00,2025-12-31 07:30:00,3,0,2,1
2025-12-31 07:30:00,2025-12-31 07:45:00,3,0,2,1
2025-12-31 07:45:00,2025-12-31 08:00:00,3,0,2,1
2025-12-31 08:00:00,2025-12-31 08:15:00,3,0,2,1
2025-12-31 08:15:00,2025-12-31 08:30:00,3,0,2,1
2025-12-31 08:30:00,2025-12-31 08:45:00,3,0,2,1
2025-12-31 08:45:00,2025-12-31 09:00:00,3,0,2,1
2025-12-31 09:00:00,2025-12-31 09:15:00,3,0,2,1
2025-12-31 09:15:00,2025-12-31 09:30:00,3,0,2,1
2025-12-31 09:30:00,2025-12-31 09:45:00,3,0,2,1
2025-12-31 09:45:00,2025-12-31 10:00:00,3,0,2,1
2025-12-31 10:00:00,2025-12-31 10:15:00,3,0,2,1
2025-12-31 10:15:00,2025-12-31 10:30:00,3,0,2,1
2025-12-31 10:30:00,2025-12-31 10:45:00,3,0,2,1
2025-12-31 10:45:00,2025-12-31 10:51:40,15,0,1,31
2025-12-29 12:45:00,2025-12-29 13:00:00,210,6,149,114
2025-12-29 13:00:00,2025-12-29 13:15:00,367,12,260,200
2025-12-29 13:15:00,2025-12-29 13:30:00,367,12,260,200
2025-12-29 13:30:00,2025-12-29 13:38:40,213,6,150,117
2026-01-04 10:15:00,2026-01-04 10:30:00,76,2,54,41
2026-01-04 10:30:00,2026-01-04 10:45:00,86,2,61,47
2026-01-04 10:45:00,2026-01-04 11:00:00,86,2,61,47
2026-01-04 11:00:00,2026-01-04 11:15:00,86,2,61,47
2026-01-04 11:15:00,2026-01-04 11:30:00,86,2,61,47
2026-01-04 11:30:00,2026-01-04 11:45:00,86,2,61,47
2026-01-04 11:45:00,2026-01-04 12:00:00,86,2,61,47
2026-01-04 12:00:00,2026-01-04 12:15:00,86,2,61,47
2026-01-04 12:15:00,2026-01-04 12:30:00,86,2,61,47
2026-01-04 12:30:00,2026-01-04 12:45:00,86,2,61,47
2026-01-04 12:45:00,2026-01-04 13:00:00,86,2,61,47
2026-01-04 13:00:00,2026-01-04 13:15:00,86,2,61,47
2026-01-04 13:15:00,2026-01-04 13:30:00,86,2,61,47
2026-01-04 13:30:00,2026-01-04 13:45:00,86,2,61,47
2026-01-04 13:45:00,2026-01-04 14:00:00,86,2,61,47
2026-01-04 14:00:00,2026-01-04 14:15:00,86,2,61,47
2026-01-04 14:15:00,2026-01-04 14:30:00,86,2,61,47
2026-01-04 14:30:00,2026-01-04 14:45:00,86,2,61,47
2026-01-04 14:45:00,2026-01-04 15:00:00,86,2,61,47
2026-01-04 15:00:00,2026-01-04 15:15:00,86,2,61,47
2026-01-04 15:15:00,2026-01-04 15:30:00,86,2,61,47
2026-01-04 15:30:00,2026-01-04 15:45:00,86,2,61,47
2026-01-04 15:45:00,2026-01-04 16:00:00,86,2,61,47
2026-01-04 16:00:00,2026-01-04 16:15:00,86,2,61,47
2026-01-04 16:15:00,2026-01-04 16:30:00,86,2,61,47
2026-01-04 16:30:00,2026-01-04 16:45:00,86,2,61,47
2026-01-04 16:45:00,2026-01-04 17:00:00,86,2,61,47
2026-01-04 17:00:00,2026-01-04 17:15:00,86,2,61,47
2026-01-04 17:15:00,2026-01-04 17:30:00,86,2,61,47
2026-01-04 17:30:00,2026-01-04 17:45:00,86,2,61,47
2026-01-04 17:45:00,2026-01-04 18:00:00,86,2,61,47
2026-01-04 18:00:00,2026-01-04 18:15:00,86,2,61,47
2026-01-04 18:15:00,2026-01-04 18:30:00,86,2,61,47
2026-01-04 18:30:00,2026-01-04 18:45:00,86,2,61,47
2026-01-04 18:45:00,2026-01-04 19:00:00,86,2,61,47
2026-01-04 19:00:00,2026-01-04 19:15:00,86,2,61,47
2026-01-04 19:15:00,2026-01-04 19:30:00,86,2,61,47
2026-01-04 19:30:00,2026-01-04 19:45:00,86,2,61,47
2026-01-04 19:45:00,2026-01-04 20:00:00,86,2,61,47
2026-01-04 20:00:00,2026-01-04 20:15:00,86,2,61,47
2026-01-04 20:15:00,2026-01-04 20:20:01,76,2,53,41
2026-01-02 12:30:00,2026-01-02 12:45:00,96,3,68,52
2026-01-02 12:45:00,2026-01-02 13:00:00,126,4,89,68
2026-01-02 13:00:00,2026-01-02 13:15:00,126,4,89,68
2026-01-02 13:15:00,2026-01-02 13:30:00,126,4,89,68
2026-01-02 13:30:00,2026-01-02 13:45:00,126,4,89,68
2026-01-02 13:45:00,2026-01-02 14:00:00,126,4,89,68
2026-01-02 14:00:00,2026-01-02 14:15:00,126,4,89,68
2026-01-02 14:15:00,2026-01-02 14:30:00,126,4,89,68
2026-01-02 14:30:00,2026-01-02 14:45:00,126,4,89,68
2026-01-02 14:45:00,2026-01-02 15:00:00,126,4,89,68
2026-01-02 15:00:00,2026-01-02 15:15:00,126,4,89,68
2026-01-02 15:15:00,2026-01-02 15:30:00,126,4,89,68
2026-01-02 15:30:00,2026-01-02 15:45:00,126,4,89,68
2026-01-02 15:45:00,2026-01-02 16:00:00,126,4,89,68
2026-01-02 16:00:00,2026-01-02 16:15:00,126,4,89,68
2026-01-02 16:15:00,2026-01-02 16:30:00,126,4,89,68
2026-01-02 16:30:00,2026-01-02 16:45:00,126,4,89,68
2026-01-02 16:45:00,2026-01-02 17:00:00,126,4,89,68
2026-01-02 17:00:00,2026-01-02 17:15:00,126,4,89,68
2026-01-02 17:15:00,2026-01-02 17:30:00,126,4,89,68
2026-01-02 17:30:00,2026-01-02 17:45:00,126,4,89,68
2026-01-02 17:45:00,2026-01-02 18:00:00,126,4,89,68
2026-01-02 18:00:00,2026-01-02 18:15:00,126,4,89,68
2026-01-02 18:15:00,2026-01-02 18:30:00,126,4,89,68
2026-01-02 18:30:00,2026-01-02 18:45:00,126,4,89,68
2026-01-02 18:45:00,2026-01-02 19:00:00,126,4,89,68
2026-01-02 19:00:00,2026-01-02 19:15:00,126,4,89,68
2026-01-02 19:15:00,2026-01-02 19:30:00,126,4,89,68
2026-01-02 19:30:00,2026-01-02 19:45:00,126,4,89,68
2026-01-02 19:45:00,2026-01-02 20:00:00,126,4,89,68
2026-01-02 20:00:00,2026-01-02 20:15:00,126,4,89,68
2026-01-02 20:15:00,2026-01-02 20:30:00,126,4,89,68
2026-01-02 20:30:00,2026-01-02 20:45:00,126,4,89,68
2026-01-02 20:45:00,2026-01-02 21:00:00,126,4,89,68
2026-01-02 21:00:00,2026-01-02 21:15:00,126,4,89,68
2026-01-02 21:15:00,2026-01-02 21:30:00,126,4,89,68
2026-01-02 21:30:00,2026-01-02 21:45:00,126,4,89,68
2026-01-02 21:45:00,2026-01-02 22:00:00,126,4,89,68
2026-01-02 22:00:00,2026-01-02 22:15:00,126,4,89,68
2026-01-02 22:15:00,2026-01-02 22:30:00,126,4,89,68
2026-01-02 22:30:00,2026-01-02 22:45:00,126,4,89,68
2026-01-02 22:45:00,2026-01-02 23:00:00,126,4,89,68
2026-01-02 23:00:00,2026-01-02 23:15:00,126,4,89,68
2026-01-02 23:15:00,2026-01-02 23:30:00,126,4,89,68
2026-01-02 23:30:00,2026-01-02 23:45:00,126,4,89,68
2026-01-02 23:45:00,2026-01-02 23:56:59,113,3,71,94
2025-12-28 04:00:00,2025-12-28 04:15:00,80,2,56,43
2025-12-28 04:15:00,2025-12-28 04:30:00,141,4,100,77
2025-12-28 04:30:00,2025-12-28 04:45:00,141,4,100,77
2025-12-28 04:45:00,2025-12-28 05:00:00,141,4,100,77
2025-12-28 05:00:00,2025-12-28 05:15:00,141,4,100,77
2025-12-28 05:15:00,2025-12-28 05:30:00,141,4,100,77
2025-12-28 05:30:00,2025-12-28 05:45:00,141,4,100,77
2025-12-28 05:45:00,2025-12-28 06:00:00,141,4,100,77
2025-12-28 06:00:00,2025-12-28 06:15:00,141,4,100,77
2025-12-28 06:15:00,2025-12-28 06:30:00,141,4,100,77
2025-12-28 06:30:00,2025-12-28 06:45:00,141,4,100,77
2025-12-28 06:45:00,2025-12-28 07:00:00,141,4,100,77
2025-12-28 07:00:00,2025-12-28 07:15:00,141,4,100,77
2025-12-28 07:15:00,2025-12-28 07:30:00,141,4,100,77
2025-12-28 07:30:00,2025-12-28 07:45:00,141,4,100,77
2025-12-28 07:45:00,2025-12-28 08:00:00,141,4,100,77
2025-12-28 08:00:00,2025-12-28 08:15:00,141,4,100,77
2025-12-28 08:15:00,2025-12-28 08:30:00,141,4,100,77
2025-12-28 08:30:00,2025-12-28 08:45:00,141,4,100,77
2025-12-28 08:45:00,2025-12-28 09:00:00,141,4,100,77
2025-12-28 09:00:00,2025-12-28 09:15:00,141,4,100,77
2025-12-28 09:15:00,2025-12-28 09:30:00,141,4,100,77
2025-12-28 09:30:00,2025-12-28 09:45:00,141,4,100,77
2025-12-28 09:45:00,2025-12-28 10:00:00,141,4,100,77
2025-12-28 10:00:00,2025-12-28 10:15:00,141,4,100,77
2025-12-28 10:15:00,2025-12-28 10:30:00,141,4,100,77
2025-12-28 10:30:00,2025-12-28 10:45:00,141,4,100,77
2025-12-28 10:45:00,2025-12-28 11:00:00,141,4,100,77
2025-12-28 11:00:00,2025-12-28 11:15:00,141,4,100,77
2025-12-28 11:15:00,2025-12-28 11:30:00,141,4,100,77
2025-12-28 11:30:00,2025-12-28 11:45:00,141,4,100,77
2025-12-28 11:45:00,2025-12-28 12:00:00,141,4,100,77
2025-12-28 12:00:00,2025-12-28 12:15:00,141,4,100,77
2025-12-28 12:15:00,2025-12-28 12:30:00,141,4,100,77
2025-12-28 12:30:00,2025-12-28 12:45:00,141,4,100,77
2025-12-28 12:45:00,2025-12-28 13:00:00,141,4,100,77
2025-12-28 13:00:00,2025-12-28 13:15:00,141,4,100,77
2025-12-28 13:15:00,2025-12-28 13:30:00,141,4,100,77
2025-12-28 13:30:00,2025-12-28 13:45:00,141,4,100,77
2025-12-28 13:45:00,2025-12-28 14:00:00,141,4,100,77
2025-12-28 14:00:00,2025-12-28 14:15:00,141,4,100,77
2025-12-28 14:15:00,2025-12-28 14:30:00,141,4,100,77
2025-12-28 14:30:00,2025-12-28 14:45:00,141,4,100,77
2025-12-28 14:45:00,2025-12-28 15:00:00,141,4,100,77
2025-12-28 15:00:00,2025-12-28 15:15:00,141,4,100,77
2025-12-28 15:15:00,2025-12-28 15:30:00,141,4,100,77
2025-12-28 15:30:00,2025-12-28 15:45:00,141,4,100,77
2025-12-28 15:45:00,2025-12-28 16:00:00,141,4,100,77
2025-12-28 16:00:00,2025-12-28 16:15:00,141,4,100,77
2025-12-28 16:15:00,2025-12-28 16:28:47,154,4,92,80
2026-01-03 00:15:00,2026-01-03 00:30:00,34,1,24,18
2026-01-03 00:30:00,2026-01-03 00:45:00,304,10,216,166
2026-01-03 00:45:00,2026-01-03 01:00:00,304,10,216,166
2026-01-03 01:00:00,2026-01-03 01:15:00,304,10,216,166
2026-01-03 01:15:00,2026-01-03 01:30:00,304,10,216,166
2026-01-03 01:30:00,2026-01-03 01:45:00,304,10,216,166
2026-01-03 01:45:00,2026-01-03 02:00:00,304,10,216,166
2026-01-03 02:00:00,2026-01-03 02:15:00,304,10,216,166
2026-01-03 02:15:00,2026-01-03 02:30:00,304,10,216,166
2026-01-03 02:30:00,2026-01-03 02:45:00,304,10,216,166
2026-01-03 02:45:00,2026-01-03 03:00:00,304,10,216,166
2026-01-03 03:00:00,2026-01-03 03:15:00,304,10,216,166
2026-01-03 03:15:00,2026-01-03 03:30:00,304,10,216,166
2026-01-03 03:30:00,2026-01-03 03:45:00,304,10,216,166
2026-01-03 03:45:00,2026-01-03 04:00:00,304,10,216,166
2026-01-03 04:00:00,2026-01-03 04:15:00,304,10,216,166
2026-01-03 04:15:00,2026-01-03 04:30:00,304,10,216,166
2026-01-03 04:30:00,2026-01-03 04:45:00,304,10,216,166
2026-01-03 04:45:00,2026-01-03 05:00:00,304,10,216,166
2026-01-03 05:00:00,2026-01-03 05:15:00,304,10,216,166
2026-01-03 05:15:00,2026-01-03 05:30:00,304,10,216,166
2026-01-03 05:30:00,2026-01-03 05:45:00,304,10,216,166
2026-01-03 05:45:00,2026-01-03 06:00:00,304,10,216,166
2026-01-03 06:00:00,2026-01-03 06:15:00,304,10,216,166
2026-01-03 06:15:00,2026-01-03 06:30:00,304,10,216,166
2026-01-03 06:30:00,2026-01-03 06:45:00,304,10,216,166
2026-01-03 06:45:00,2026-01-03 07:00:00,304,10,216,166
2026-01-03 07:00:00,2026-01-03 07:15:00,304,10,216,166
2026-01-03 07:15:00,2026-01-03 07:30:00,304,10,216,166
2026-01-03 07:30:00,2026-01-03 07:45:00,304,10,216,166
2026-01-03 07:45:00,2026-01-03 08:00:00,304,10,216,166
2026-01-03 08:00:00,2026-01-03 08:15:00,304,10,216,166
2026-01-03 08:15:00,2026-01-03 08:30:00,304,10,216,166
2026-01-03 08:30:00,2026-01-03 08:45:00,304,10,216,166
2026-01-03 08:45:00,2026-01-03 09:00:00,304,10,216,166
2026-01-03 09:00:00,2026-01-03 09:15:00,304,10,216,166
2026-01-03 09:15:00,2026-01-03 09:30:00,304,10,216,166
2026-01-03 09:30:00,2026-01-03 09:45:00,304,10,216,166
2026-01-03 09:45:00,2026-01-03 10:00:00,304,10,216,166
2026-01-03 10:00:00,2026-01-03 10:15:00,304,10,216,166
2026-01-03 10:15:00,2026-01-03 10:30:00,304,10,216,166
2026-01-03 10:30:00,2026-01-03 10:45:00,304,10,216,166
2026-01-03 10:45:00,2026-01-03 11:00:00,304,10,216,166
2026-01-03 11:00:00,2026-01-03 11:15:00,304,10,216,166
2026-01-03 11:15:00,2026-01-03 11:30:00,304,10,216,166
2026-01-03 11:30:00,2026-01-03 11:45:00,304,10,216,166
2026-01-03 11:45:00,2026-01-03 12:00:00,304,10,216,166
2026-01-03 12:00:00,2026-01-03 12:15:00,304,10,216,166
2026-01-03 12:15:00,2026-01-03 12:30:00,304,10,216,166
2026-01-03 12:30:00,2026-01-03 12:45:00,304,10,216,166
2026-01-03 12:45:00,2026-01-03 13:00:00,304,10,216,166
2026-01-03 13:00:00,2026-01-03 13:15:00,304,10,216,166
2026-01-03 13:15:00,2026-01-03 13:30:00,304,10,216,166
2026-01-03 13:30:00,2026-01-03 13:45:00,304,10,216,166
2026-01-03 13:45:00,2026-01-03 14:00:00,304,10,216,166
2026-01-03 14:00:00,2026-01-03 14:15:00,304,10,216,166
2026-01-03 14:15:00,2026-01-03 14:30:00,304,10,216,166
2026-01-03 14:30:00,2026-01-03 14:45:00,304,10,216,166
2026-01-03 14:45:00,2026-01-03 15:00:00,304,10,216,166
2026-01-03 15:00:00,2026-01-03 15:15:00,304,10,216,166
2026-01-03 15:15:00,2026-01-03 15:30:00,304,10,216,166
2026-01-03 15:30:00,2026-01-03 15:45:00,304,10,216,166
2026-01-03 15:45:00,2026-01-03 16:00:00,304,10,216,166
2026-01-03 16:00:00,2026-01-03 16:15:00,304,10,216,166
2026-01-03 16:15:00,2026-01-03 16:30:00,304,10,216,166
2026-01-03 16:30:00,2026-01-03 16:45:00,304,10,216,166
2026-01-03 16:45:00,2026-01-03 17:00:00,304,10,216,166
2026-01-03 17:00:00,2026-01-03 17:15:00,304,10,216,166
2026-01-03 17:15:00,2026-01-03 17:30:00,304,10,216,166
2026-01-03 17:30:00,2026-01-03 17:45:00,304,10,216,166
2026-01-03 17:45:00,2026-01-03 18:00:00,304,10,216,166
2026-01-03 18:00:00,2026-01-03 18:15:00,304,10,216,166
2026-01-03 18:15:00,2026-01-03 18:30:00,304,10,216,166
2026-01-03 18:30:00,2026-01-03 18:45:00,304,10,216,166
2026-01-03 18:45:00,2026-01-03 19:00:00,304,10,216,166
2026-01-03 19:00:00,2026-01-03 19:15:00,304,10,216,166
2026-01-03 19:15:00,2026-01-03 19:30:00,304,10,216,166
2026-01-03 19:30:00,2026-01-03 19:45:00,304,10,216,166
2026-01-03 19:45:00,2026-01-03 20:00:00,304,10,216,166
2026-01-03 20:00:00,2026-01-03 20:15:00,304,10,216,166
2026-01-03 20:15:00,2026-01-03 20:30:00,304,10,216,166
2026-01-03 20:30:00,2026-01-03 20:45:00,304,10,216,166
2026-01-03 20:45:00,2026-01-03 21:00:00,304,10,216,166
2026-01-03 21:00:00,2026-01-03 21:15:00,304,10,216,166
2026-01-03 21:15:00,2026-01-03 21:30:00,304,10,216,166
2026-01-03 21:30:00,2026-01-03 21:45:00,304,10,216,166
2026-01-03 21:45:00,2026-01-03 22:00:00,304,10,216,166
2026-01-03 22:00:00,2026-01-03 22:15:00,304,10,216,166
2026-01-03 22:15:00,2026-01-03 22:30:00,304,10,216,166
2026-01-03 22:30:00,2026-01-03 22:45:00,304,10,216,166
2026-01-03 22:45:00,2026-01-03 22:52:40,202,5,110,94
2025-12-30 16:30:00,2025-12-30 16:45:00,179,5,127,97
2025-12-30 16:45:00,2025-12-30 17:00:00,237,7,168,129
2025-12-30 17:00:00,2025-12-30 17:15:00,237,7,168,129
2025-12-30 17:15:00,2025-12-30 17:30:00,237,7,168,129
2025-12-30 17:30:00,2025-12-30 17:45:00,237,7,168,129
2025-12-30 17:45:00,2025-12-30 18:00:00,237,7,168,129
2025-12-30 18:00:00,2025-12-30 18:15:00,237,7,168,129
2025-12-30 18:15:00,2025-12-30 18:30:00,237,7,168,129
2025-12-30 18:30:00,2025-12-30 18:45:00,237,7,168,129
2025-12-30 18:45:00,2025-12-30 19:00:00,237,7,168,129
2025-12-30 19:00:00,2025-12-30 19:15:00,237,7,168,129
2025-12-30 19:15:00,2025-12-30 19:30:00,237,7,168,129
2025-12-30 19:30:00,2025-12-30 19:45:00,237,7,168,129
2025-12-30 19:45:00,2025-12-30 20:00:00,237,7,168,129
2025-12-30 20:00:00,2025-12-30 20:15:00,237,7,168,129
2025-12-30 20:15:00,2025-12-30 20:28:28,226,7,151,127
2026-01-06 14:29:42,2026-01-06 14:30:00,2,0,1,1
2026-01-06 14:30:00,2026-01-06 14:30:45,11,0,7,6
2026-01-06 15:01:48,2026-01-06 15:02:48,7,0,4,3
2026-01-06 16:39:54,2026-01-06 16:40:57,12,0,8,6
2026-01-06 17:17:03,2026-01-06 17:21:09,26,0,18,14
2026-01-06 17:31:43,2026-01-06 17:32:43,6,0,4,3
2026-01-06 18:37:55,2026-01-06 18:38:59,15,0,10,8
2026-01-06 22:20:36,2026-01-06 22:22:26,42,1,29,22
2026-01-11 09:00:00,2026-01-11 09:15:00,5,0,3,2
2026-01-11 09:15:00,2026-01-11 09:30:00,17,0,12,9
2026-01-11 09:30:00,2026-01-11 09:45:00,17,0,12,9
2026-01-11 09:45:00,2026-01-11 10:00:00,17,0,12,9
2026-01-11 10:00:00,2026-01-11 10:15:00,17,0,12,9
2026-01-11 10:15:00,2026-01-11 10:30:00,17,0,12,9
2026-01-11 10:30:00,2026-01-11 10:45:00,17,0,12,9
2026-01-11 10:45:00,2026-01-11 11:00:00,17,0,12,9
2026-01-11 11:00:00,2026-01-11 11:15:00,17,0,12,9
2026-01-11 11:15:00,2026-01-11 11:30:00,17,0,12,9
2026-01-11 11:30:00,2026-01-11 11:45:00,17,0,12,9
2026-01-11 11:45:00,2026-01-11 12:00:00,17,0,12,9
2026-01-11 12:00:00,2026-01-11 12:15:00,17,0,12,9
2026-01-11 12:15:00,2026-01-11 12:30:00,17,0,12,9
2026-01-11 12:30:00,2026-01-11 12:45:00,17,0,12,9
2026-01-11 12:45:00,2026-01-11 13:00:00,17,0,12,9
2026-01-11 13:00:00,2026-01-11 13:15:00,17,0,12,9
2026-01-11 13:15:00,2026-01-11 13:30:00,17,0,12,9
2026-01-11 13:30:00,2026-01-11 13:45:00,17,0,12,9
2026-01-11 13:45:00,2026-01-11 14:00:00,17,0,12,9
2026-01-11 14:00:00,2026-01-11 14:15:00,17,0,12,9
2026-01-11 14:15:00,2026-01-11 14:30:00,17,0,12,9
2026-01-11 14:30:00,2026-01-11 14:45:00,17,0,12,9
2026-01-11 14:45:00,2026-01-11 15:00:00,17,0,12,9
2026-01-11 15:00:00,2026-01-11 15:15:00,17,0,12,9
2026-01-11 15:15:00,2026-01-11 15:30:00,17,0,12,9
2026-01-11 15:30:00,2026-01-11 15:45:00,17,0,12,9
2026-01-11 15:45:00,2026-01-11 16:00:00,17,0,12,9
2026-01-11 16:00:00,2026-01-11 16:15:00,17,0,12,9
2026-01-11 16:15:00,2026-01-11 16:30:00,17,0,12,9
2026-01-11 16:30:00,2026-01-11 16:45:00,17,0,12,9
2026-01-11 16:45:00,2026-01-11 17:00:00,17,0,12,9
2026-01-11 17:00:00,2026-01-11 17:15:00,17,0,12,9
2026-01-11 17:15:00,2026-01-11 17:30:00,17,0,12,9
2026-01-11 17:30:00,2026-01-11 17:45:00,17,0,12,9
2026-01-11 17:45:00,2026-01-11 18:00:00,17,0,12,9
2026-01-11 18:00:00,2026-01-11 18:15:00,17,0,12,9
2026-01-11 18:15:00,2026-01-11 18:30:00,17,0,12,9
2026-01-11 18:30:00,2026-01-11 18:45:00,17,0,12,9
2026-01-11 18:45:00,2026-01-11 19:00:00,17,0,12,9
2026-01-11 19:00:00,2026-01-11 19:15:00,17,0,12,9
2026-01-11 19:15:00,2026-01-11 19:30:00,17,0,12,9
2026-01-11 19:30:00,2026-01-11 19:45:00,17,0,12,9
2026-01-11 19:45:00,2026-01-11 20:00:00,17,0,12,9
2026-01-11 20:00:00,2026-01-11 20:15:00,17,0,12,9
2026-01-11 20:15:00,2026-01-11 20:30:00,17,0,12,9
2026-01-11 20:30:00,2026-01-11 20:45:00,17,0,12,9
2026-01-11 20:45:00,2026-01-11 21:00:00,17,0,12,9
2026-01-11 21:00:00,2026-01-11 21:15:00,17,0,12,9
2026-01-11 21:15:00,2026-01-11 21:30:00,17,0,12,9
2026-01-11 21:30:00,2026-01-11 21:45:00,17,0,12,9
2026-01-11 21:45:00,2026-01-11 22:00:00,17,0,12,9
2026-01-11 22:00:00,2026-01-11 22:15:00,17,0,12,9
2026-01-11 22:15:00,2026-01-11 22:29:01,24,0,11,28
2026-01-10 00:45:00,2026-01-10 01:00:00,9,0,6,5
2026-01-10 01:00:00,2026-01-10 01:15:00,9,0,6,5
2026-01-10 01:15:00,2026-01-10 01:30:00,9,0,6,5
2026-01-10 01:30:00,2026-01-10 01:45:00,9,0,6,5
2026-01-10 01:45:00,2026-01-10 02:00:00,9,0,6,5
2026-01-10 02:00:00,2026-01-10 02:15:00,9,0,6,5
2026-01-10 02:15:00,2026-01-10 02:30:00,9,0,6,5
2026-01-10 02:30:00,2026-01-10 02:45:00,9,0,6,5
2026-01-10 02:45:00,2026-01-10 03:00:00,9,0,6,5
2026-01-10 03:00:00,2026-01-10 03:15:00,9,0,6,5
2026-01-10 03:15:00,2026-01-10 03:30:00,9,0,6,5
2026-01-10 03:30:00,2026-01-10 03:45:00,9,0,6,5
2026-01-10 03:45:00,2026-01-10 04:00:00,9,0,6,5
2026-01-10 04:00:00,2026-01-10 04:15:00,9,0,6,5
2026-01-10 04:15:00,2026-01-10 04:30:00,9,0,6,5
2026-01-10 04:30:00,2026-01-10 04:45:00,9,0,6,5
2026-01-10 04:45:00,2026-01-10 05:00:00,9,0,6,5
2026-01-10 05:00:00,2026-01-10 05:15:00,9,0,6,5
2026-01-10 05:15:00,2026-01-10 05:30:00,9,0,6,5
2026-01-10 05:30:00,2026-01-10 05:45:00,9,0,6,5
2026-01-10 05:45:00,2026-01-10 06:00:00,9,0,6,5
2026-01-10 06:00:00,2026-01-10 06:15:00,9,0,6,5
2026-01-10 06:15:00,2026-01-10 06:30:00,9,0,6,5
2026-01-10 06:30:00,2026-01-10 06:45:00,9,0,6,5
2026-01-10 06:45:00,2026-01-10 07:00:00,9,0,6,5
2026-01-10 07:00:00,2026-01-10 07:15:00,9,0,6,5
2026-01-10 07:15:00,2026-01-10 07:30:00,9,0,6,5
2026-01-10 07:30:00,2026-01-10 07:45:00,9,0,6,5
2026-01-10 07:45:00,2026-01-10 08:00:00,9,0,6,5
2026-01-10 08:00:00,2026-01-10 08:15:00,9,0,6,5
2026-01-10 08:15:00,2026-01-10 08:30:00,9,0,6,5
2026-01-10 08:30:00,2026-01-10 08:45:00,9,0,6,5
2026-01-10 08:45:00,2026-01-10 09:00:00,9,0,6,5
2026-01-10 09:00:00,2026-01-10 09:15:00,9,0,6,5
2026-01-10 09:15:00,2026-01-10 09:30:00,9,0,6,5
2026-01-10 09:30:00,2026-01-10 09:45:00,9,0,6,5
2026-01-10 09:45:00,2026-01-10 10:00:00,9,0,6,5
2026-01-10 10:00:00,2026-01-10 10:15:00,9,0,6,5
2026-01-10 10:15:00,2026-01-10 10:30:00,9,0,6,5
2026-01-10 10:30:00,2026-01-10 10:45:00,9,0,6,5
2026-01-10 10:45:00,2026-01-10 11:00:00,9,0,6,5
2026-01-10 11:00:00,2026-01-10 11:15:00,9,0,6,5
2026-01-10 11:15:00,2026-01-10 11:30:00,9,0,6,5
2026-01-10 11:30:00,2026-01-10 11:45:00,9,0,6,5
2026-01-10 11:45:00,2026-01-10 12:00:00,9,0,6,5
2026-01-10 12:00:00,2026-01-10 12:15:00,9,0,6,5
2026-01-10 12:15:00,2026-01-10 12:30:00,9,0,6,5
2026-01-10 12:30:00,2026-01-10 12:45:00,9,0,6,5
2026-01-10 12:45:00,2026-01-10 13:00:00,9,0,6,5
2026-01-10 13:00:00,2026-01-10 13:15:00,9,0,6,5
2026-01-10 13:15:00,2026-01-10 13:30:00,9,0,6,5
2026-01-10 13:30:00,2026-01-10 13:45:00,9,0,6,5
2026-01-10 13:45:00,2026-01-10 14:00:00,9,0,6,5
2026-01-10 14:00:00,2026-01-10 14:15:00,9,0,6,5
2026-01-10 14:15:00,2026-01-10 14:30:00,9,0,6,5
2026-01-10 14:30:00,2026-01-10 14:45:00,9,0,6,5
2026-01-10 14:45:00,2026-01-10 15:00:00,9,0,6,5
2026-01-10 15:00:00,2026-01-10 15:15:00,9,0,6,5
2026-01-10 15:15:00,2026-01-10 15:30:00,9,0,6,5
2026-01-10 15:30:00,2026-01-10 15:45:00,9,0,6,5
2026-01-10 15:45:00,2026-01-10 16:00:00,9,0,6,5
2026-01-10 16:00:00,2026-01-10 16:15:00,9,0,6,5
2026-01-10 16:15:00,2026-01-10 16:30:00,9,0,6,5
2026-01-10 16:30:00,2026-01-10 16:45:00,9,0,6,5
2026-01-10 16:45:00,2026-01-10 17:00:00,9,0,6,5
2026-01-10 17:00:00,2026-01-10 17:15:00,9,0,6,5
2026-01-10 17:15:00,2026-01-10 17:30:00,9,0,6,5
2026-01-10 17:30:00,2026-01-10 17:45:00,9,0,6,5
2026-01-10 17:45:00,2026-01-10 18:00:00,9,0,6,5
2026-01-10 18:00:00,2026-01-10 18:15:00,9,0,6,5
2026-01-10 18:15:00,2026-01-10 18:30:00,9,0,6,5
2026-01-10 18:30:00,2026-01-10 18:45:00,9,0,6,5
2026-01-10 18:45:00,2026-01-10 19:00:00,9,0,6,5
2026-01-10 19:00:00,2026-01-10 19:15:00,9,0,6,5
2026-01-10 19:15:00,2026-01-10 19:30:00,9,0,6,5
2026-01-10 19:30:00,2026-01-10 19:45:00,9,0,6,5
2026-01-10 19:45:00,2026-01-10 20:00:00,9,0,6,5
2026-01-10 20:00:00,2026-01-10 20:15:00,9,0,6,5
2026-01-10 20:15:00,2026-01-10 20:30:00,9,0,6,5
2026-01-10 20:30:00,2026-01-10 20:45:00,9,0,6,5
2026-01-10 20:45:00,2026-01-10 21:00:00,9,0,6,5
2026-01-10 21:00:00,2026-01-10 21:15:00,9,0,6,5
2026-01-10 21:15:00,2026-01-10 21:30:00,9,0,6,5
2026-01-10 21:30:00,2026-01-10 21:45:00,9,0,6,5
2026-01-10 21:45:00,2026-01-10 22:00:00,9,0,6,5
2026-01-10 22:00:00,2026-01-10 22:15:00,9,0,6,5
2026-01-10 22:15:00,2026-01-10 22:30:00,9,0,6,5
2026-01-10 22:30:00,2026-01-10 22:31:48,24,0,0,5
2026-01-12 08:45:00,2026-01-12 09:00:00,190,6,135,103
2026-01-12 09:00:00,2026-01-12 09:15:00,208,6,147,113
2026-01-12 09:15:00,2026-01-12 09:30:00,208,6,147,113
2026-01-12 09:30:00,2026-01-12 09:45:00,208,6,147,113
2026-01-12 09:45:00,2026-01-12 10:00:00,208,6,147,113
2026-01-12 10:00:00,2026-01-12 10:15:00,208,6,147,113
2026-01-12 10:15:00,2026-01-12 10:30:00,208,6,147,113
2026-01-12 10:30:00,2026-01-12 10:45:00,208,6,147,113
2026-01-12 10:45:00,2026-01-12 11:00:00,208,6,147,113
2026-01-12 11:00:00,2026-01-12 11:15:00,208,6,147,113
2026-01-12 11:15:00,2026-01-12 11:30:00,208,6,147,113
2026-01-12 11:30:00,2026-01-12 11:45:00,208,6,147,113
2026-01-12 11:45:00,2026-01-12 12:00:00,208,6,147,113
2026-01-12 12:00:00,2026-01-12 12:15:00,208,6,147,113
2026-01-12 12:15:00,2026-01-12 12:30:00,208,6,147,113
2026-01-12 12:30:00,2026-01-12 12:45:00,208,6,147,113
2026-01-12 12:45:00,2026-01-12 13:00:00,208,6,147,113
2026-01-12 13:00:00,2026-01-12 13:15:00,208,6,147,113
2026-01-12 13:15:00,2026-01-12 13:30:00,208,6,147,113
2026-01-12 13:30:00,2026-01-12 13:45:00,208,6,147,113
2026-01-12 13:45:00,2026-01-12 14:00:00,208,6,147,113
2026-01-12 14:00:00,2026-01-12 14:15:00,208,6,147,113
2026-01-12 14:15:00,2026-01-12 14:30:00,208,6,147,113
2026-01-12 14:30:00,2026-01-12 14:45:00,208,6,147,113
2026-01-12 14:45:00,2026-01-12 15:00:00,208,6,147,113
2026-01-12 15:00:00,2026-01-12 15:15:00,208,6,147,113
2026-01-12 15:15:00,2026-01-12 15:30:00,208,6,147,113
2026-01-12 15:30:00,2026-01-12 15:45:00,208,6,147,113
2026-01-12 15:45:00,2026-01-12 16:00:00,208,6,147,113
2026-01-12 16:00:00,2026-01-12 16:15:00,208,6,147,113
2026-01-12 16:15:00,2026-01-12 16:30:00,208,6,147,113
2026-01-12 16:30:00,2026-01-12 16:45:00,208,6,147,113
2026-01-12 16:45:00,2026-01-12 17:00:00,208,6,147,113
2026-01-12 17:00:00,2026-01-12 17:15:00,208,6,147,113
2026-01-12 17:15:00,2026-01-12 17:30:00,208,6,147,113
2026-01-12 17:30:00,2026-01-12 17:45:00,208,6,147,113
2026-01-12 17:45:00,2026-01-12 18:00:00,208,6,147,113
2026-01-12 18:00:00,2026-01-12 18:15:00,208,6,147,113
2026-01-12 18:15:00,2026-01-12 18:30:00,208,6,147,113
2026-01-12 18:30:00,2026-01-12 18:45:00,208,6,147,113
2026-01-12 18:45:00,2026-01-12 19:00:00,208,6,147,113
2026-01-12 19:00:00,2026-01-12 19:15:00,208,6,147,113
2026-01-12 19:15:00,2026-01-12 19:30:00,208,6,147,113
2026-01-12 19:30:00,2026-01-12 19:45:00,208,6,147,113
2026-01-12 19:45:00,2026-01-12 20:00:00,208,6,147,113
2026-01-12 20:00:00,2026-01-12 20:15:00,208,6,147,113
2026-01-12 20:15:00,2026-01-12 20:30:00,208,6,147,113
2026-01-12 20:30:00,2026-01-12 20:36:37,111,3,78,60
2026-01-06 22:15:00,2026-01-06 22:30:00,13,0,9,7
2026-01-06 22:30:00,2026-01-06 22:45:00,21,0,15,11
2026-01-06 22:45:00,2026-01-06 23:00:00,21,0,15,11
2026-01-06 23:00:00,2026-01-06 23:15:00,21,0,15,11
2026-01-06 23:15:00,2026-01-06 23:30:00,21,0,15,11
2026-01-06 23:30:00,2026-01-06 23:45:00,21,0,15,11
2026-01-06 23:45:00,2026-01-06 23:53:23,16,0,8,11
2026-01-08 08:45:00,2026-01-08 09:00:00,53,1,37,29
2026-01-08 09:00:00,2026-01-08 09:15:00,192,6,136,105
2026-01-08 09:15:00,2026-01-08 09:30:00,192,6,136,105
2026-01-08 09:30:00,2026-01-08 09:45:00,192,6,136,105
2026-01-08 09:45:00,2026-01-08 10:00:00,192,6,136,105
2026-01-08 10:00:00,2026-01-08 10:15:00,192,6,136,105
2026-01-08 10:15:00,2026-01-08 10:30:00,192,6,136,105
2026-01-08 10:30:00,2026-01-08 10:45:00,192,6,136,105
2026-01-08 10:45:00,2026-01-08 11:00:00,192,6,136,105
2026-01-08 11:00:00,2026-01-08 11:15:00,192,6,136,105
2026-01-08 11:15:00,2026-01-08 11:30:00,192,6,136,105
2026-01-08 11:30:00,2026-01-08 11:45:00,192,6,136,105
2026-01-08 11:45:00,2026-01-08 12:00:00,192,6,136,105
2026-01-08 12:00:00,2026-01-08 12:15:00,192,6,136,105
2026-01-08 12:15:00,2026-01-08 12:30:00,192,6,136,105
2026-01-08 12:30:00,2026-01-08 12:45:00,192,6,136,105
2026-01-08 12:45:00,2026-01-08 13:00:00,192,6,136,105
2026-01-08 13:00:00,2026-01-08 13:15:00,192,6,136,105
2026-01-08 13:15:00,2026-01-08 13:30:00,192,6,136,105
2026-01-08 13:30:00,2026-01-08 13:45:00,192,6,136,105
2026-01-08 13:45:00,2026-01-08 14:00:00,192,6,136,105
2026-01-08 14:00:00,2026-01-08 14:15:00,192,6,136,105
2026-01-08 14:15:00,2026-01-08 14:30:00,192,6,136,105
2026-01-08 14:30:00,2026-01-08 14:45:00,192,6,136,105
2026-01-08 14:45:00,2026-01-08 15:00:00,192,6,136,105
2026-01-08 15:00:00,2026-01-08 15:15:00,192,6,136,105
2026-01-08 15:15:00,2026-01-08 15:30:00,192,6,136,105
2026-01-08 15:30:00,2026-01-08 15:45:00,192,6,136,105
2026-01-08 15:45:00,2026-01-08 16:00:00,192,6,136,105
2026-01-08 16:00:00,2026-01-08 16:15:00,192,6,136,105
2026-01-08 16:15:00,2026-01-08 16:30:00,192,6,136,105
2026-01-08 16:30:00,2026-01-08 16:45:00,192,6,136,105
2026-01-08 16:45:00,2026-01-08 17:00:00,192,6,136,105
2026-01-08 17:00:00,2026-01-08 17:15:00,192,6,136,105
2026-01-08 17:15:00,2026-01-08 17:30:00,192,6,136,105
2026-01-08 17:30:00,2026-01-08 17:45:00,192,6,136,105
2026-01-08 17:45:00,2026-01-08 18:00:00,192,6,136,105
2026-01-08 18:00:00,2026-01-08 18:15:00,192,6,136,105
2026-01-08 18:15:00,2026-01-08 18:30:00,192,6,136,105
2026-01-08 18:30:00,2026-01-08 18:45:00,192,6,136,105
2026-01-08 18:45:00,2026-01-08 19:00:00,192,6,136,105
2026-01-08 19:00:00,2026-01-08 19:15:00,192,6,136,105
2026-01-08 19:15:00,2026-01-08 19:30:00,192,6,136,105
2026-01-08 19:30:00,2026-01-08 19:45:00,192,6,136,105
2026-01-08 19:45:00,2026-01-08 20:00:00,192,6,136,105
2026-01-08 20:00:00,2026-01-08 20:15:00,192,6,136,105
2026-01-08 20:15:00,2026-01-08 20:30:00,192,6,136,105
2026-01-08 20:30:00,2026-01-08 20:45:00,192,6,136,105
2026-01-08 20:45:00,2026-01-08 21:00:00,192,6,136,105
2026-01-08 21:00:00,2026-01-08 21:15:00,192,6,136,105
2026-01-08 21:15:00,2026-01-08 21:30:00,192,6,136,105
2026-01-08 21:30:00,2026-01-08 21:45:00,192,6,136,105
2026-01-08 21:45:00,2026-01-08 22:00:00,192,6,136,105
2026-01-08 22:00:00,2026-01-08 22:15:00,192,6,136,105
2026-01-08 22:15:00,2026-01-08 22:23:11,138,3,74,60
2026-01-09 09:45:00,2026-01-09 10:00:00,47,1,34,26
2026-01-09 10:00:00,2026-01-09 10:15:00,238,7,169,130
2026-01-09 10:15:00,2026-01-09 10:30:00,238,7,169,130
2026-01-09 10:30:00,2026-01-09 10:45:00,238,7,169,130
2026-01-09 10:45:00,2026-01-09 11:00:00,238,7,169,130
2026-01-09 11:00:00,2026-01-09 11:15:00,238,7,169,130
2026-01-09 11:15:00,2026-01-09 11:30:00,238,7,169,130
2026-01-09 11:30:00,2026-01-09 11:45:00,238,7,169,130
2026-01-09 11:45:00,2026-01-09 12:00:00,238,7,169,130
2026-01-09 12:00:00,2026-01-09 12:15:00,238,7,169,130
2026-01-09 12:15:00,2026-01-09 12:30:00,238,7,169,130
2026-01-09 12:30:00,2026-01-09 12:45:00,238,7,169,130
2026-01-09 12:45:00,2026-01-09 13:00:00,238,7,169,130
2026-01-09 13:00:00,2026-01-09 13:15:00,238,7,169,130
2026-01-09 13:15:00,2026-01-09 13:30:00,238,7,169,130
2026-01-09 13:30:00,2026-01-09 13:45:00,238,7,169,130
2026-01-09 13:45:00,2026-01-09 14:00:00,238,7,169,130
2026-01-09 14:00:00,2026-01-09 14:15:00,238,7,169,130
2026-01-09 14:15:00,2026-01-09 14:30:00,238,7,169,130
2026-01-09 14:30:00,2026-01-09 14:45:00,238,7,169,130
2026-01-09 14:45:00,2026-01-09 15:00:00,238,7,169,130
2026-01-09 15:00:00,2026-01-09 15:15:00,238,7,169,130
2026-01-09 15:15:00,2026-01-09 15:30:00,238,7,169,130
2026-01-09 15:30:00,2026-01-09 15:45:00,238,7,169,130
2026-01-09 15:45:00,2026-01-09 16:00:00,238,7,169,130
2026-01-09 16:00:00,2026-01-09 16:15:00,238,7,169,130
2026-01-09 16:15:00,2026-01-09 16:30:00,238,7,169,130
2026-01-09 16:30:00,2026-01-09 16:45:00,238,7,169,130
2026-01-09 16:45:00,2026-01-09 17:00:00,238,7,169,130
2026-01-09 17:00:00,2026-01-09 17:15:00,238,7,169,130
2026-01-09 17:15:00,2026-01-09 17:30:00,238,7,169,130
2026-01-09 17:30:00,2026-01-09 17:45:00,238,7,169,130
2026-01-09 17:45:00,2026-01-09 18:00:00,238,7,169,130
2026-01-09 18:00:00,2026-01-09 18:15:00,238,7,169,130
2026-01-09 18:15:00,2026-01-09 18:30:00,238,7,169,130
2026-01-09 18:30:00,2026-01-09 18:45:00,238,7,169,130
2026-01-09 18:45:00,2026-01-09 19:00:00,238,7,169,130
2026-01-09 19:00:00,2026-01-09 19:15:00,238,7,169,130
2026-01-09 19:15:00,2026-01-09 19:30:00,238,7,169,130
2026-01-09 19:30:00,2026-01-09 19:45:00,238,7,169,130
2026-01-09 19:45:00,2026-01-09 20:00:00,238,7,169,130
2026-01-09 20:00:00,2026-01-09 20:15:00,238,7,169,130
2026-01-09 20:15:00,2026-01-09 20:30:00,238,7,169,130
2026-01-09 20:30:00,2026-01-09 20:45:00,238,7,169,130
2026-01-09 20:45:00,2026-01-09 21:00:00,238,7,169,130
2026-01-09 21:00:00,2026-01-09 21:15:00,238,7,169,130
2026-01-09 21:15:00,2026-01-09 21:30:00,238,7,169,130
2026-01-09 21:30:00,2026-01-09 21:45:00,238,7,169,130
2026-01-09 21:45:00,2026-01-09 22:00:00,238,7,169,130
2026-01-09 22:00:00,2026-01-09 22:15:00,238,7,169,130
2026-01-09 22:15:00,2026-01-09 22:30:00,238,7,169,130
2026-01-09 22:30:00,2026-01-09 22:45:00,238,7,169,130
2026-01-09 22:45:00,2026-01-09 23:00:00,238,7,169,130
2026-01-09 23:00:00,2026-01-09 23:15:00,238,7,169,130
2026-01-09 23:15:00,2026-01-09 23:30:00,238,7,169,130
2026-01-09 23:30:00,2026-01-09 23:41:58,221,6,135,110
2026-01-07 06:45:00,2026-01-07 07:00:00,19,0,13,10
2026-01-07 07:00:00,2026-01-07 07:15:00,364,12,258,199
2026-01-07 07:15:00,2026-01-07 07:30:00,364,12,258,199
2026-01-07 07:30:00,2026-01-07 07:45:00,364,12,258,199
2026-01-07 07:45:00,2026-01-07 08:00:00,364,12,258,199
2026-01-07 08:00:00,2026-01-07 08:15:00,364,12,258,199
2026-01-07 08:15:00,2026-01-07 08:30:00,364,12,258,199
2026-01-07 08:30:00,2026-01-07 08:45:00,364,12,258,199
2026-01-07 08:45:00,2026-01-07 09:00:00,364,12,258,199
2026-01-07 09:00:00,2026-01-07 09:15:00,364,12,258,199
2026-01-07 09:15:00,2026-01-07 09:30:00,364,12,258,199
2026-01-07 09:30:00,2026-01-07 09:45:00,364,12,258,199
2026-01-07 09:45:00,2026-01-07 10:00:00,364,12,258,199
2026-01-07 10:00:00,2026-01-07 10:15:00,364,12,258,199
2026-01-07 10:15:00,2026-01-07 10:30:00,364,12,258,199
2026-01-07 10:30:00,2026-01-07 10:45:00,364,12,258,199
2026-01-07 10:45:00,2026-01-07 11:00:00,364,12,258,199
2026-01-07 11:00:00,2026-01-07 11:15:00,364,12,258,199
2026-01-07 11:15:00,2026-01-07 11:30:00,364,12,258,199
2026-01-07 11:30:00,2026-01-07 11:45:00,364,12,258,199
2026-01-07 11:45:00,2026-01-07 12:00:00,364,12,258,199
2026-01-07 12:00:00,2026-01-07 12:15:00,364,12,258,199
2026-01-07 12:15:00,2026-01-07 12:30:00,364,12,258,199
2026-01-07 12:30:00,2026-01-07 12:45:00,364,12,258,199
2026-01-07 12:45:00,2026-01-07 13:00:00,364,12,258,199
2026-01-07 13:00:00,2026-01-07 13:15:00,364,12,258,199
2026-01-07 13:15:00,2026-01-07 13:30:00,364,12,258,199
2026-01-07 13:30:00,2026-01-07 13:45:00,364,12,258,199
2026-01-07 13:45:00,2026-01-07 14:00:00,364,12,258,199
2026-01-07 14:00:00,2026-01-07 14:15:00,364,12,258,199
2026-01-07 14:15:00,2026-01-07 14:30:00,364,12,258,199
2026-01-07 14:30:00,2026-01-07 14:45:00,364,12,258,199
2026-01-07 14:45:00,2026-01-07 15:00:00,364,12,258,199
2026-01-07 15:00:00,2026-01-07 15:15:00,364,12,258,199
2026-01-07 15:15:00,2026-01-07 15:30:00,364,12,258,199
2026-01-07 15:30:00,2026-01-07 15:45:00,364,12,258,199
2026-01-07 15:45:00,2026-01-07 16:00:00,364,12,258,199
2026-01-07 16:00:00,2026-01-07 16:15:00,364,12,258,199
2026-01-07 16:15:00,2026-01-07 16:30:00,364,12,258,199
2026-01-07 16:30:00,2026-01-07 16:45:00,364,12,258,199
2026-01-07 16:45:00,2026-01-07 17:00:00,364,12,258,199
2026-01-07 17:00:00,2026-01-07 17:15:00,364,12,258,199
2026-01-07 17:15:00,2026-01-07 17:30:00,364,12,258,199
2026-01-07 17:30:00,2026-01-07 17:45:00,364,12,258,199
2026-01-07 17:45:00,2026-01-07 18:00:00,364,12,258,199
2026-01-07 18:00:00,2026-01-07 18:15:00,364,12,258,199
2026-01-07 18:15:00,2026-01-07 18:30:00,364,12,258,199
2026-01-07 18:30:00,2026-01-07 18:45:00,364,12,258,199
2026-01-07 18:45:00,2026-01-07 19:00:00,364,12,258,199
2026-01-07 19:00:00,2026-01-07 19:15:00,364,12,258,199
2026-01-07 19:15:00,2026-01-07 19:30:00,364,12,258,199
2026-01-07 19:30:00,2026-01-07 19:45:00,364,12,258,199
2026-01-07 19:45:00,2026-01-07 20:00:00,364,12,258,199
2026-01-07 20:00:00,2026-01-07 20:15:00,364,12,258,199
2026-01-07 20:15:00,2026-01-07 20:30:00,364,12,258,199
2026-01-07 20:30:00,2026-01-07 20:45:00,364,12,258,199
2026-01-07 20:45:00,2026-01-07 21:00:00,364,12,258,199
2026-01-07 21:00:00,2026-01-07 21:15:00,364,12,258,199
2026-01-07 21:15:00,2026-01-07 21:30:00,364,12,258,199
2026-01-07 21:30:00,2026-01-07 21:45:00,364,12,258,199
2026-01-07 21:45:00,2026-01-07 22:00:00,364,12,258,199
2026-01-07 22:00:00,2026-01-07 22:15:00,364,12,258,199
2026-01-07 22:15:00,2026-01-07 22:30:00,364,12,258,199
2026-01-07 22:30:00,2026-01-07 22:45:00,364,12,258,199
2026-01-07 22:45:00,2026-01-07 22:53:19,259,6,143,113
2026-01-13 08:40:18,2026-01-13 08:45:00,51,1,36,27
2026-01-13 08:45:00,2026-01-13 09:00:00,163,5,115,88
2026-01-13 09:00:00,2026-01-13 09:15:00,163,5,115,88
2026-01-13 09:15:00,2026-01-13 09:30:00,163,5,115,88
2026-01-13 09:30:00,2026-01-13 09:45:00,163,5,115,88
2026-01-13 09:45:00,2026-01-13 10:00:00,163,5,115,88
2026-01-13 10:00:00,2026-01-13 10:15:00,163,5,115,88
2026-01-13 10:15:00,2026-01-13 10:30:00,163,5,115,88
2026-01-13 10:30:00,2026-01-13 10:45:00,163,5,115,88
2026-01-13 10:45:00,2026-01-13 11:00:00,163,5,115,88
2026-01-13 11:00:00,2026-01-13 11:15:00,163,5,115,88
2026-01-13 11:15:00,2026-01-13 11:30:00,163,5,115,88
2026-01-13 11:30:00,2026-01-13 11:45:00,163,5,115,88
2026-01-13 11:45:00,2026-01-13 12:00:00,163,5,115,88
2026-01-13 12:00:00,2026-01-13 12:15:00,163,5,115,88
2026-01-13 12:15:00,2026-01-13 12:30:00,163,5,115,88
2026-01-13 12:30:00,2026-01-13 12:45:00,163,5,115,88
2026-01-13 12:45:00,2026-01-13 13:00:00,163,5,115,88
2026-01-13 13:00:00,2026-01-13 13:15:00,163,5,115,88
2026-01-13 13:15:00,2026-01-13 13:30:00,163,5,115,88
2026-01-13 13:30:00,2026-01-13 13:45:00,163,5,115,88
2026-01-13 13:45:00,2026-01-13 14:00:00,163,5,115,88
2026-01-13 14:00:00,2026-01-13 14:15:00,163,5,115,88
2026-01-13 14:15:00,2026-01-13 14:30:00,163,5,115,88
2026-01-13 14:30:00,2026-01-13 14:45:00,163,5,115,88
2026-01-13 14:45:00,2026-01-13 15:00:00,163,5,115,88
2026-01-13 15:00:00,2026-01-13 15:15:00,163,5,115,88
2026-01-13 15:15:00,2026-01-13 15:30:00,163,5,115,88
2026-01-13 15:30:00,2026-01-13 15:45:00,163,5,115,88
2026-01-13 15:45:00,2026-01-13 16:00:00,163,5,115,88
2026-01-13 16:00:00,2026-01-13 16:15:00,163,5,115,88
2026-01-13 16:15:00,2026-01-13 16:30:00,163,5,115,88
2026-01-13 16:30:00,2026-01-13 16:45:00,163,5,115,88
2026-01-13 16:45:00,2026-01-13 16:59:38,162,5,114,88
